K036,D75,A,20102011
K053,D75,A,20102011
K140,D75,F,20102011
K141,D75,C,20102011
K231,D75,B,20102011
K368,D75,B,20102011
K369,D75,B,20102011
K372,D75,A,20102011
K771,D75,B,20102011
M094,D75,D,20102011
M138,D75,None,20102011
M169,D75,B,20102011
M811,D75,C,20102011
Q004,D75,A,20102011
Q009,D75,A,20102011
Q023,D75,B,20102011
Q075,D75,A,20102011
Q224,D75,B,20102011
Q256,D75,A,20102011
R025,D75,C,20102011
R373,D75,A,20102011
X010,D75,B,20102011
X017,D75,A,20102011
X168,D75,C,20102011
X186,D75,C,20102011
X188,D75,D,20102011
X352,D75,C,20102011
X723,D75,B,20102011
K249,EC,A,20102011
K361,EC,C,20102011
K626,EC,B,20102011
K627,EC,None,20102011
K628,EC,None,20102011
K649,EC,D,20102011
K651,EC,C,20102011
K652,EC,None,20102011
K676,EC,None,20102011
K677,EC,None,20102011
K742,EC,B,20102011
K782,EC,None,20102011
K791,EC,None,20102011
M036,EC,None,20102011
M112,EC,A,20102011
M178,EC,B,20102011
M185,EC,C,20102011
M382,EC,C,20102011
M384,EC,A,20102011
M385,EC,A,20102011
M386,EC,A,20102011
Q007,EC,B,20102011
Q028,EC,B,20102011
Q130,EC,A,20102011
Q182,EC,C,20102011
Q222,EC,B,20102011
Q228,EC,A,20102011
Q242,EC,A,20102011
Q244,EC,None,20102011
Q251,EC,B,20102011
Q304,EC,B,20102011
Q305,EC,C,20102011
Q306,EC,A,20102011
Q307,EC,B,20102011
Q317,EC,None,20102011
Q341,EC,None,20102011
R065,EC,B,20102011
X023,EC,B,20102011
X088,EC,B,20102011
X170,EC,B,20102011
X207,EC,C,20102011
X209,EC,B,20102011
X236,EC,C,20102011
X333,EC,None,20102011
X382,EC,None,20102011
X386,EC,None,20102011
X389,EC,C,20102011
X394,EC,D,20102011
X398,EC,C,20102011
X419,EC,None,20102011
X422,EC,None,20102011
X443,EC,D,20102011
X457,EC,C,20102011
X463,EC,F,20102011
X496,EC,A,20102011
K001,EMS,B,20102011
K002,EMS,B,20102011
K003,EMS,C,20102011
K005,EMS,C,20102011
K006,EMS,B,20102011
K007,EMS,A,20102011
K008,EMS,C,20102011
K009,EMS,C,20102011
K010,EMS,B,20102011
K011,EMS,B,20102011
K012,EMS,C,20102011
K013,EMS,C,20102011
K014,EMS,A,20102011
K015,EMS,B,20102011
K016,EMS,C,20102011
K017,EMS,C,20102011
K018,EMS,C,20102011
K019,EMS,F,20102011
K020,EMS,B,20102011
K021,EMS,A,20102011
K022,EMS,F,20102011
K023,EMS,B,20102011
K024,EMS,B,20102011
K025,EMS,C,20102011
K026,EMS,A,20102011
K027,EMS,None,20102011
K028,EMS,D,20102011
K029,EMS,C,20102011
K030,EMS,B,20102011
K031,EMS,A,20102011
K032,EMS,C,20102011
K034,EMS,A,20102011
K035,EMS,A,20102011
K038,EMS,C,20102011
K039,EMS,B,20102011
K040,EMS,A,20102011
K041,EMS,A,20102011
K044,EMS,B,20102011
K045,EMS,B,20102011
K046,EMS,A,20102011
K048,EMS,A,20102011
K049,EMS,None,20102011
K050,EMS,C,20102011
K051,EMS,A,20102011
K052,EMS,C,20102011
K054,EMS,C,20102011
K055,EMS,None,20102011
K056,EMS,A,20102011
K057,EMS,C,20102011
K058,EMS,B,20102011
K059,EMS,C,20102011
K061,EMS,C,20102011
K062,EMS,B,20102011
K065,EMS,B,20102011
K066,EMS,B,20102011
K067,EMS,D,20102011
K068,EMS,B,20102011
K069,EMS,A,20102011
K071,EMS,C,20102011
K072,EMS,None,20102011
K073,EMS,C,20102011
K075,EMS,B,20102011
K078,EMS,C,20102011
K081,EMS,B,20102011
K084,EMS,B,20102011
K086,EMS,B,20102011
K088,EMS,A,20102011
K089,EMS,B,20102011
K090,EMS,A,20102011
K091,EMS,D,20102011
K092,EMS,C,20102011
K093,EMS,B,20102011
K094,EMS,B,20102011
K095,EMS,C,20102011
K096,EMS,B,20102011
K097,EMS,A,20102011
K098,EMS,A,20102011
K099,EMS,A,20102011
K100,EMS,C,20102011
K101,EMS,B,20102011
K102,EMS,B,20102011
K103,EMS,D,20102011
K104,EMS,B,20102011
K105,EMS,A,20102011
K106,EMS,C,20102011
K107,EMS,B,20102011
K108,EMS,B,20102011
K109,EMS,C,20102011
K110,EMS,C,20102011
K112,EMS,A,20102011
K113,EMS,D,20102011
K114,EMS,C,20102011
K115,EMS,B,20102011
K116,EMS,A,20102011
K117,EMS,None,20102011
K119,EMS,B,20102011
K120,EMS,A,20102011
K121,EMS,A,20102011
K123,EMS,B,20102011
K124,EMS,B,20102011
K126,EMS,D,20102011
K127,EMS,B,20102011
K128,EMS,B,20102011
K130,EMS,A,20102011
K131,EMS,A,20102011
K132,EMS,C,20102011
K133,EMS,B,20102011
K134,EMS,A,20102011
K135,EMS,B,20102011
K136,EMS,B,20102011
K137,EMS,C,20102011
K138,EMS,B,20102011
K139,EMS,B,20102011
K143,EMS,None,20102011
K145,EMS,C,20102011
K146,EMS,A,20102011
K147,EMS,B,20102011
K149,EMS,C,20102011
K150,EMS,C,20102011
K151,EMS,D,20102011
K152,EMS,B,20102011
K153,EMS,C,20102011
K154,EMS,A,20102011
K155,EMS,A,20102011
K156,EMS,C,20102011
K157,EMS,B,20102011
K158,EMS,B,20102011
K159,EMS,B,20102011
K160,EMS,C,20102011
K161,EMS,D,20102011
K162,EMS,C,20102011
K163,EMS,A,20102011
K164,EMS,A,20102011
K165,EMS,C,20102011
K166,EMS,C,20102011
K167,EMS,C,20102011
K169,EMS,C,20102011
K170,EMS,B,20102011
K171,EMS,F,20102011
K172,EMS,A,20102011
K174,EMS,C,20102011
K176,EMS,A,20102011
K177,EMS,B,20102011
K178,EMS,C,20102011
K179,EMS,C,20102011
K180,EMS,B,20102011
K181,EMS,B,20102011
K183,EMS,None,20102011
K184,EMS,B,20102011
K185,EMS,C,20102011
K186,EMS,B,20102011
K187,EMS,A,20102011
K188,EMS,A,20102011
K189,EMS,A,20102011
K190,EMS,B,20102011
K191,EMS,B,20102011
K192,EMS,A,20102011
K193,EMS,C,20102011
K194,EMS,C,20102011
K195,EMS,B,20102011
K196,EMS,C,20102011
K197,EMS,B,20102011
K198,EMS,B,20102011
K199,EMS,B,20102011
K200,EMS,A,20102011
K201,EMS,A,20102011
K202,EMS,D,20102011
K203,EMS,B,20102011
K204,EMS,B,20102011
K205,EMS,A,20102011
K206,EMS,C,20102011
K207,EMS,B,20102011
K208,EMS,B,20102011
K209,EMS,B,20102011
K211,EMS,A,20102011
K212,EMS,B,20102011
K213,EMS,D,20102011
K214,EMS,B,20102011
K215,EMS,A,20102011
K216,EMS,C,20102011
K217,EMS,B,20102011
K218,EMS,B,20102011
K219,EMS,B,20102011
K220,EMS,C,20102011
K221,EMS,A,20102011
K222,EMS,B,20102011
K223,EMS,A,20102011
K224,EMS,C,20102011
K225,EMS,B,20102011
K226,EMS,B,20102011
K227,EMS,A,20102011
K228,EMS,C,20102011
K229,EMS,B,20102011
K230,EMS,C,20102011
K232,EMS,None,20102011
K233,EMS,C,20102011
K234,EMS,B,20102011
K235,EMS,A,20102011
K236,EMS,C,20102011
K238,EMS,B,20102011
K239,EMS,A,20102011
K240,EMS,C,20102011
K241,EMS,A,20102011
K243,EMS,C,20102011
K244,EMS,A,20102011
K245,EMS,B,20102011
K246,EMS,B,20102011
K247,EMS,A,20102011
K250,EMS,B,20102011
K251,EMS,B,20102011
K252,EMS,None,20102011
K253,EMS,A,20102011
K254,EMS,A,20102011
K255,EMS,A,20102011
K256,EMS,F,20102011
K257,EMS,A,20102011
K258,EMS,None,20102011
K259,EMS,A,20102011
K260,EMS,None,20102011
K261,EMS,C,20102011
K262,EMS,A,20102011
K265,EMS,B,20102011
K266,EMS,C,20102011
K267,EMS,A,20102011
K268,EMS,B,20102011
K269,EMS,C,20102011
K270,EMS,C,20102011
K271,EMS,None,20102011
K272,EMS,F,20102011
K273,EMS,C,20102011
K274,EMS,C,20102011
K276,EMS,B,20102011
K277,EMS,C,20102011
K278,EMS,D,20102011
K279,EMS,C,20102011
K281,EMS,A,20102011
K282,EMS,C,20102011
K284,EMS,B,20102011
K285,EMS,B,20102011
K287,EMS,B,20102011
K288,EMS,B,20102011
K289,EMS,C,20102011
K290,EMS,B,20102011
K291,EMS,C,20102011
K292,EMS,B,20102011
K295,EMS,A,20102011
K296,EMS,F,20102011
K297,EMS,B,20102011
K298,EMS,F,20102011
K299,EMS,D,20102011
K301,EMS,B,20102011
K302,EMS,C,20102011
K303,EMS,A,20102011
K304,EMS,None,20102011
K305,EMS,C,20102011
K306,EMS,F,20102011
K307,EMS,C,20102011
K308,EMS,D,20102011
K309,EMS,C,20102011
K311,EMS,C,20102011
K312,EMS,C,20102011
K313,EMS,A,20102011
K315,EMS,B,20102011
K316,EMS,C,20102011
K318,EMS,C,20102011
K321,EMS,A,20102011
K323,EMS,A,20102011
K327,EMS,C,20102011
K328,EMS,D,20102011
K329,EMS,B,20102011
K330,EMS,B,20102011
K332,EMS,None,20102011
K334,EMS,C,20102011
K335,EMS,A,20102011
K336,EMS,D,20102011
K340,EMS,C,20102011
K345,EMS,C,20102011
K346,EMS,C,20102011
K347,EMS,C,20102011
K349,EMS,C,20102011
K352,EMS,B,20102011
K353,EMS,B,20102011
K354,EMS,B,20102011
K355,EMS,A,20102011
K356,EMS,A,20102011
K357,EMS,B,20102011
K358,EMS,A,20102011
K359,EMS,C,20102011
K362,EMS,B,20102011
K364,EMS,C,20102011
K366,EMS,B,20102011
K375,EMS,A,20102011
K376,EMS,C,20102011
K377,EMS,F,20102011
K380,EMS,A,20102011
K381,EMS,C,20102011
K382,EMS,B,20102011
K383,EMS,B,20102011
K384,EMS,B,20102011
K385,EMS,B,20102011
K392,EMS,A,20102011
K393,EMS,F,20102011
K394,EMS,B,20102011
K397,EMS,B,20102011
K398,EMS,B,20102011
K399,EMS,B,20102011
K409,EMS,A,20102011
K418,EMS,A,20102011
K429,EMS,B,20102011
K442,EMS,B,20102011
K443,EMS,A,20102011
K447,EMS,A,20102011
K448,EMS,A,20102011
K452,EMS,B,20102011
K462,EMS,None,20102011
K463,EMS,None,20102011
K464,EMS,C,20102011
K468,EMS,B,20102011
K484,EMS,A,20102011
K492,EMS,B,20102011
K493,EMS,F,20102011
K497,EMS,C,20102011
K503,EMS,B,20102011
K506,EMS,B,20102011
K508,EMS,A,20102011
K513,EMS,None,20102011
K517,EMS,B,20102011
K518,EMS,A,20102011
K522,EMS,F,20102011
K527,EMS,B,20102011
K531,EMS,C,20102011
K533,EMS,D,20102011
K534,EMS,B,20102011
K536,EMS,C,20102011
K538,EMS,A,20102011
K543,EMS,B,20102011
K554,EMS,A,20102011
K555,EMS,A,20102011
K571,EMS,None,20102011
K577,EMS,B,20102011
K581,EMS,D,20102011
K582,EMS,D,20102011
K584,EMS,C,20102011
K586,EMS,B,20102011
K587,EMS,D,20102011
K588,EMS,C,20102011
K590,EMS,C,20102011
K592,EMS,None,20102011
K593,EMS,A,20102011
K596,EMS,F,20102011
K598,EMS,B,20102011
K608,EMS,B,20102011
K609,EMS,A,20102011
K614,EMS,A,20102011
K631,EMS,F,20102011
K634,EMS,D,20102011
K636,EMS,A,20102011
K644,EMS,B,20102011
K648,EMS,A,20102011
K671,EMS,None,20102011
K652,EMS,C,20102011
K676,EMS,C,20102011
K691,EMS,None,20102011
K677,EMS,C,20102011
K678,EMS,B,20102011
K690,EMS,B,20102011
K697,EMS,B,20102011
K701,EMS,A,20102011
K702,EMS,B,20102011
K703,EMS,C,20102011
K704,EMS,C,20102011
K707,EMS,A,20102011
K710,EMS,A,20102011
K726,EMS,D,20102011
K730,EMS,C,20102011
K777,EMS,None,20102011
K780,EMS,None,20102011
K731,EMS,B,20102011
K740,EMS,B,20102011
K744,EMS,A,20102011
K821,EMS,A,20102011
M001,EMS,B,20102011
M002,EMS,A,20102011
M003,EMS,C,20102011
M004,EMS,B,20102011
M005,EMS,C,20102011
M006,EMS,A,20102011
M007,EMS,C,20102011
M008,EMS,B,20102011
M009,EMS,A,20102011
M011,EMS,A,20102011
M012,EMS,B,20102011
M013,EMS,C,20102011
M015,EMS,C,20102011
M018,EMS,A,20102011
M019,EMS,B,20102011
M020,EMS,B,20102011
M028,EMS,B,20102011
M030,EMS,D,20102011
M033,EMS,B,20102011
M034,EMS,C,20102011
M036,EMS,C,20102011
M037,EMS,C,20102011
M044,EMS,None,20102011
M038,EMS,B,20102011
M040,EMS,A,20102011
M047,EMS,None,20102011
M041,EMS,A,20102011
M042,EMS,A,20102011
M045,EMS,C,20102011
M046,EMS,B,20102011
M048,EMS,A,20102011
M050,EMS,C,20102011
M051,EMS,B,20102011
M052,EMS,B,20102011
M054,EMS,B,20102011
M057,EMS,A,20102011
M059,EMS,A,20102011
M063,EMS,B,20102011
M064,EMS,C,20102011
M072,EMS,D,20102011
M075,EMS,C,20102011
M076,EMS,B,20102011
M077,EMS,A,20102011
M083,EMS,A,20102011
M084,EMS,F,20102011
M087,EMS,B,20102011
M101,EMS,None,20102011
M089,EMS,B,20102011
M092,EMS,B,20102011
M096,EMS,B,20102011
M098,EMS,C,20102011
M102,EMS,B,20102011
M104,EMS,B,20102011
M108,EMS,A,20102011
M110,EMS,C,20102011
M117,EMS,None,20102011
M111,EMS,C,20102011
M114,EMS,A,20102011
M115,EMS,C,20102011
M116,EMS,C,20102011
M123,EMS,D,20102011
M124,EMS,A,20102011
M125,EMS,C,20102011
M126,EMS,A,20102011
M128,EMS,B,20102011
M129,EMS,C,20102011
M130,EMS,A,20102011
M131,EMS,A,20102011
M132,EMS,D,20102011
M133,EMS,C,20102011
M134,EMS,C,20102011
M137,EMS,F,20102011
M140,EMS,D,20102011
M142,EMS,C,20102011
M143,EMS,B,20102011
M145,EMS,C,20102011
M146,EMS,A,20102011
M149,EMS,C,20102011
M150,EMS,C,20102011
M152,EMS,C,20102011
M153,EMS,A,20102011
M154,EMS,D,20102011
M155,EMS,B,20102011
M158,EMS,B,20102011
M161,EMS,B,20102011
M163,EMS,C,20102011
M172,EMS,None,20102011
M165,EMS,A,20102011
M166,EMS,B,20102011
M167,EMS,A,20102011
M171,EMS,B,20102011
M173,EMS,B,20102011
M175,EMS,B,20102011
M180,EMS,B,20102011
M182,EMS,B,20102011
M183,EMS,B,20102011
M184,EMS,A,20102011
M187,EMS,B,20102011
M188,EMS,A,20102011
M195,EMS,None,20102011
M189,EMS,A,20102011
M191,EMS,C,20102011
M192,EMS,B,20102011
M194,EMS,D,20102011
M197,EMS,F,20102011
M198,EMS,C,20102011
M199,EMS,A,20102011
M200,EMS,C,20102011
M206,EMS,D,20102011
M208,EMS,D,20102011
M210,EMS,C,20102011
M212,EMS,B,20102011
M217,EMS,D,20102011
M218,EMS,C,20102011
M223,EMS,B,20102011
M224,EMS,C,20102011
M225,EMS,C,20102011
M234,EMS,A,20102011
M246,EMS,None,20102011
M241,EMS,B,20102011
M242,EMS,B,20102011
M243,EMS,B,20102011
M245,EMS,B,20102011
M247,EMS,A,20102011
M250,EMS,B,20102011
M255,EMS,A,20102011
M256,EMS,B,20102011
M258,EMS,A,20102011
M260,EMS,B,20102011
M276,EMS,A,20102011
M278,EMS,A,20102011
M279,EMS,B,20102011
M284,EMS,C,20102011
M286,EMS,C,20102011
M289,EMS,B,20102011
M290,EMS,A,20102011
M292,EMS,C,20102011
M293,EMS,A,20102011
M301,EMS,B,20102011
M302,EMS,A,20102011
M317,EMS,None,20102011
M311,EMS,A,20102011
M312,EMS,A,20102011
M314,EMS,C,20102011
M321,EMS,None,20102011
M315,EMS,C,20102011
M318,EMS,B,20102011
M319,EMS,A,20102011
M320,EMS,A,20102011
M322,EMS,C,20102011
M324,EMS,A,20102011
M325,EMS,C,20102011
M326,EMS,A,20102011
M328,EMS,B,20102011
M329,EMS,C,20102011
M330,EMS,C,20102011
M332,EMS,C,20102011
M333,EMS,B,20102011
M344,EMS,None,20102011
M334,EMS,A,20102011
M335,EMS,A,20102011
M336,EMS,A,20102011
M341,EMS,B,20102011
M345,EMS,B,20102011
M346,EMS,C,20102011
M347,EMS,A,20102011
M348,EMS,A,20102011
M355,EMS,None,20102011
M349,EMS,A,20102011
M350,EMS,A,20102011
M351,EMS,A,20102011
M353,EMS,B,20102011
M361,EMS,B,20102011
M362,EMS,A,20102011
M363,EMS,C,20102011
M364,EMS,C,20102011
M366,EMS,B,20102011
M367,EMS,D,20102011
M368,EMS,A,20102011
M372,EMS,A,20102011
M375,EMS,D,20102011
M377,EMS,D,20102011
M378,EMS,B,20102011
M381,EMS,B,20102011
M388,EMS,C,20102011
M406,EMS,A,20102011
M407,EMS,B,20102011
M408,EMS,B,20102011
M410,EMS,B,20102011
M413,EMS,A,20102011
M415,EMS,D,20102011
M421,EMS,C,20102011
M422,EMS,B,20102011
M478,EMS,None,20102011
M481,EMS,None,20102011
M430,EMS,B,20102011
M442,EMS,B,20102011
M509,EMS,None,20102011
M450,EMS,A,20102011
M469,EMS,B,20102011
M497,EMS,C,20102011
M635,EMS,None,20102011
M499,EMS,B,20102011
M528,EMS,D,20102011
M539,EMS,A,20102011
M610,EMS,B,20102011
M655,EMS,C,20102011
M670,EMS,D,20102011
M702,EMS,C,20102011
M704,EMS,B,20102011
M705,EMS,B,20102011
M708,EMS,D,20102011
M709,EMS,A,20102011
M726,EMS,B,20102011
M825,EMS,D,20102011
M839,EMS,B,20102011
M859,EMS,A,20102011
M860,EMS,F,20102011
M861,EMS,F,20102011
M862,EMS,A,20102011
M896,EMS,B,20102011
M964,EMS,A,20102011
Q002,EMS,B,20102011
Q005,EMS,B,20102011
Q008,EMS,C,20102011
Q010,EMS,A,20102011
Q011,EMS,A,20102011
Q012,EMS,B,20102011
Q013,EMS,A,20102011
Q014,EMS,B,20102011
Q015,EMS,B,20102011
Q016,EMS,B,20102011
Q017,EMS,A,20102011
Q018,EMS,A,20102011
Q019,EMS,A,20102011
Q020,EMS,B,20102011
Q021,EMS,A,20102011
Q022,EMS,A,20102011
Q030,EMS,None,20102011
Q024,EMS,A,20102011
Q025,EMS,B,20102011
Q026,EMS,A,20102011
Q029,EMS,A,20102011
Q031,EMS,B,20102011
Q032,EMS,C,20102011
Q033,EMS,C,20102011
Q034,EMS,A,20102011
Q035,EMS,D,20102011
Q036,EMS,B,20102011
Q037,EMS,B,20102011
Q038,EMS,C,20102011
Q040,EMS,B,20102011
Q041,EMS,A,20102011
Q042,EMS,C,20102011
Q043,EMS,C,20102011
Q045,EMS,B,20102011
Q046,EMS,A,20102011
Q047,EMS,B,20102011
Q048,EMS,D,20102011
Q049,EMS,A,20102011
Q050,EMS,B,20102011
Q052,EMS,B,20102011
Q053,EMS,F,20102011
Q054,EMS,C,20102011
Q055,EMS,A,20102011
Q056,EMS,B,20102011
Q058,EMS,B,20102011
Q059,EMS,C,20102011
Q060,EMS,A,20102011
Q061,EMS,B,20102011
Q062,EMS,A,20102011
Q063,EMS,B,20102011
Q064,EMS,A,20102011
Q065,EMS,B,20102011
Q066,EMS,A,20102011
Q067,EMS,A,20102011
Q068,EMS,B,20102011
Q069,EMS,A,20102011
Q070,EMS,B,20102011
Q071,EMS,C,20102011
Q072,EMS,C,20102011
Q073,EMS,B,20102011
Q074,EMS,A,20102011
Q076,EMS,B,20102011
Q077,EMS,B,20102011
Q078,EMS,B,20102011
Q079,EMS,A,20102011
Q080,EMS,F,20102011
Q081,EMS,A,20102011
Q082,EMS,C,20102011
Q084,EMS,B,20102011
Q085,EMS,C,20102011
Q086,EMS,C,20102011
Q087,EMS,A,20102011
Q088,EMS,B,20102011
Q089,EMS,A,20102011
Q090,EMS,B,20102011
Q091,EMS,C,20102011
Q092,EMS,B,20102011
Q093,EMS,C,20102011
Q094,EMS,B,20102011
Q095,EMS,B,20102011
Q096,EMS,C,20102011
Q097,EMS,B,20102011
Q098,EMS,B,20102011
Q099,EMS,A,20102011
Q100,EMS,B,20102011
Q101,EMS,C,20102011
Q102,EMS,A,20102011
Q104,EMS,B,20102011
Q105,EMS,C,20102011
Q106,EMS,A,20102011
Q107,EMS,A,20102011
Q108,EMS,A,20102011
Q109,EMS,C,20102011
Q111,EMS,C,20102011
Q112,EMS,C,20102011
Q113,EMS,B,20102011
Q114,EMS,B,20102011
Q115,EMS,C,20102011
Q116,EMS,C,20102011
Q117,EMS,C,20102011
Q118,EMS,C,20102011
Q119,EMS,A,20102011
Q120,EMS,C,20102011
Q121,EMS,B,20102011
Q122,EMS,A,20102011
Q123,EMS,C,20102011
Q124,EMS,B,20102011
Q125,EMS,A,20102011
Q126,EMS,B,20102011
Q127,EMS,B,20102011
Q128,EMS,B,20102011
Q129,EMS,B,20102011
Q131,EMS,A,20102011
Q132,EMS,C,20102011
Q133,EMS,A,20102011
Q134,EMS,C,20102011
Q135,EMS,B,20102011
Q136,EMS,B,20102011
Q137,EMS,B,20102011
Q138,EMS,C,20102011
Q139,EMS,B,20102011
Q140,EMS,C,20102011
Q141,EMS,A,20102011
Q143,EMS,C,20102011
Q144,EMS,A,20102011
Q145,EMS,B,20102011
Q146,EMS,B,20102011
Q147,EMS,C,20102011
Q148,EMS,D,20102011
Q149,EMS,A,20102011
Q150,EMS,A,20102011
Q151,EMS,D,20102011
Q152,EMS,A,20102011
Q153,EMS,B,20102011
Q154,EMS,B,20102011
Q155,EMS,B,20102011
Q156,EMS,C,20102011
Q157,EMS,B,20102011
Q158,EMS,B,20102011
Q159,EMS,A,20102011
Q160,EMS,C,20102011
Q161,EMS,A,20102011
Q162,EMS,B,20102011
Q167,EMS,None,20102011
Q163,EMS,A,20102011
Q164,EMS,B,20102011
Q165,EMS,B,20102011
Q166,EMS,B,20102011
Q169,EMS,B,20102011
Q170,EMS,C,20102011
Q171,EMS,B,20102011
Q172,EMS,A,20102011
Q173,EMS,A,20102011
Q174,EMS,C,20102011
Q175,EMS,B,20102011
Q176,EMS,B,20102011
Q178,EMS,A,20102011
Q181,EMS,D,20102011
Q183,EMS,A,20102011
Q184,EMS,A,20102011
Q185,EMS,B,20102011
Q186,EMS,A,20102011
Q188,EMS,A,20102011
Q189,EMS,C,20102011
Q190,EMS,B,20102011
Q191,EMS,A,20102011
Q192,EMS,C,20102011
Q193,EMS,B,20102011
Q194,EMS,B,20102011
Q195,EMS,A,20102011
Q196,EMS,A,20102011
Q197,EMS,C,20102011
Q199,EMS,A,20102011
Q200,EMS,A,20102011
Q201,EMS,B,20102011
Q202,EMS,B,20102011
Q203,EMS,A,20102011
Q204,EMS,C,20102011
Q205,EMS,A,20102011
Q206,EMS,B,20102011
Q207,EMS,C,20102011
Q208,EMS,B,20102011
Q209,EMS,A,20102011
Q210,EMS,C,20102011
Q212,EMS,A,20102011
Q213,EMS,A,20102011
Q214,EMS,A,20102011
Q215,EMS,F,20102011
Q216,EMS,B,20102011
Q217,EMS,A,20102011
Q225,EMS,None,20102011
Q219,EMS,A,20102011
Q220,EMS,C,20102011
Q221,EMS,B,20102011
Q223,EMS,D,20102011
Q231,EMS,None,20102011
Q226,EMS,C,20102011
Q227,EMS,A,20102011
Q229,EMS,A,20102011
Q230,EMS,B,20102011
Q232,EMS,B,20102011
Q234,EMS,C,20102011
Q235,EMS,A,20102011
Q237,EMS,B,20102011
Q238,EMS,B,20102011
Q239,EMS,C,20102011
Q250,EMS,C,20102011
Q252,EMS,C,20102011
Q253,EMS,D,20102011
Q254,EMS,A,20102011
Q259,EMS,C,20102011
Q262,EMS,C,20102011
Q266,EMS,A,20102011
Q268,EMS,D,20102011
Q270,EMS,C,20102011
Q281,EMS,B,20102011
Q282,EMS,A,20102011
Q283,EMS,A,20102011
Q284,EMS,C,20102011
Q285,EMS,B,20102011
Q286,EMS,B,20102011
Q294,EMS,A,20102011
Q295,EMS,A,20102011
Q309,EMS,B,20102011
Q327,EMS,None,20102011
Q310,EMS,C,20102011
Q317,EMS,A,20102011
Q318,EMS,B,20102011
Q319,EMS,B,20102011
Q323,EMS,A,20102011
Q333,EMS,A,20102011
Q499,EMS,A,20102011
Q560,EMS,B,20102011
Q580,EMS,B,20102011
Q680,EMS,C,20102011
Q704,EMS,F,20102011
Q705,EMS,C,20102011
Q706,EMS,B,20102011
Q877,EMS,A,20102011
Q896,EMS,C,20102011
R001,EMS,B,20102011
R002,EMS,C,20102011
R003,EMS,C,20102011
R004,EMS,C,20102011
R005,EMS,C,20102011
R006,EMS,C,20102011
R007,EMS,B,20102011
R008,EMS,A,20102011
R011,EMS,C,20102011
R013,EMS,B,20102011
R014,EMS,D,20102011
R016,EMS,C,20102011
R018,EMS,C,20102011
R019,EMS,A,20102011
R020,EMS,C,20102011
R021,EMS,C,20102011
R022,EMS,C,20102011
R023,EMS,A,20102011
R024,EMS,B,20102011
R026,EMS,B,20102011
R027,EMS,C,20102011
R029,EMS,B,20102011
R030,EMS,B,20102011
R031,EMS,B,20102011
R032,EMS,B,20102011
R034,EMS,C,20102011
R035,EMS,C,20102011
R036,EMS,B,20102011
R038,EMS,C,20102011
R039,EMS,C,20102011
R041,EMS,C,20102011
R042,EMS,B,20102011
R044,EMS,C,20102011
R045,EMS,B,20102011
R046,EMS,B,20102011
R048,EMS,B,20102011
R049,EMS,B,20102011
R050,EMS,B,20102011
R051,EMS,B,20102011
R052,EMS,D,20102011
R053,EMS,B,20102011
R054,EMS,D,20102011
R055,EMS,C,20102011
R056,EMS,C,20102011
R057,EMS,C,20102011
R058,EMS,B,20102011
R060,EMS,D,20102011
R073,EMS,None,20102011
R061,EMS,C,20102011
R063,EMS,B,20102011
R067,EMS,A,20102011
R069,EMS,C,20102011
X002,EMS,None,20102011
R072,EMS,B,20102011
R075,EMS,B,20102011
R080,EMS,C,20102011
R861,EMS,A,20102011
X001,EMS,D,20102011
X003,EMS,B,20102011
X004,EMS,C,20102011
X005,EMS,B,20102011
X006,EMS,C,20102011
X007,EMS,A,20102011
X008,EMS,B,20102011
X009,EMS,C,20102011
X011,EMS,D,20102011
X014,EMS,D,20102011
X015,EMS,A,20102011
X016,EMS,B,20102011
X018,EMS,A,20102011
X019,EMS,B,20102011
X020,EMS,C,20102011
X021,EMS,C,20102011
X022,EMS,C,20102011
X024,EMS,B,20102011
X025,EMS,B,20102011
X028,EMS,B,20102011
X029,EMS,D,20102011
X030,EMS,A,20102011
X031,EMS,C,20102011
X032,EMS,B,20102011
X033,EMS,C,20102011
X035,EMS,B,20102011
X036,EMS,B,20102011
X037,EMS,C,20102011
X041,EMS,A,20102011
X042,EMS,C,20102011
X043,EMS,A,20102011
X044,EMS,C,20102011
X045,EMS,C,20102011
X046,EMS,C,20102011
X047,EMS,B,20102011
X048,EMS,A,20102011
X049,EMS,B,20102011
X050,EMS,C,20102011
X051,EMS,A,20102011
X053,EMS,B,20102011
X054,EMS,D,20102011
X055,EMS,B,20102011
X056,EMS,A,20102011
X057,EMS,C,20102011
X058,EMS,D,20102011
X059,EMS,B,20102011
X061,EMS,D,20102011
X062,EMS,A,20102011
X063,EMS,C,20102011
X064,EMS,D,20102011
X065,EMS,B,20102011
X066,EMS,B,20102011
X067,EMS,B,20102011
X068,EMS,B,20102011
X069,EMS,A,20102011
X070,EMS,C,20102011
X071,EMS,C,20102011
X079,EMS,None,20102011
X072,EMS,C,20102011
X073,EMS,A,20102011
X075,EMS,A,20102011
X076,EMS,B,20102011
X078,EMS,B,20102011
X080,EMS,C,20102011
X081,EMS,C,20102011
X090,EMS,None,20102011
X083,EMS,B,20102011
X085,EMS,C,20102011
X086,EMS,A,20102011
X087,EMS,C,20102011
X089,EMS,C,20102011
X091,EMS,C,20102011
X092,EMS,C,20102011
X093,EMS,A,20102011
X094,EMS,C,20102011
X095,EMS,C,20102011
X102,EMS,None,20102011
X096,EMS,B,20102011
X097,EMS,A,20102011
X098,EMS,C,20102011
X100,EMS,B,20102011
X101,EMS,B,20102011
X103,EMS,B,20102011
X105,EMS,C,20102011
X106,EMS,B,20102011
X107,EMS,C,20102011
X108,EMS,C,20102011
X109,EMS,B,20102011
X110,EMS,B,20102011
X111,EMS,C,20102011
X112,EMS,D,20102011
X114,EMS,F,20102011
X117,EMS,C,20102011
X118,EMS,C,20102011
X119,EMS,B,20102011
X121,EMS,C,20102011
X123,EMS,B,20102011
X125,EMS,C,20102011
X126,EMS,A,20102011
X127,EMS,C,20102011
X128,EMS,A,20102011
X135,EMS,None,20102011
X129,EMS,B,20102011
X130,EMS,C,20102011
X131,EMS,C,20102011
X132,EMS,C,20102011
X134,EMS,C,20102011
X138,EMS,C,20102011
X140,EMS,C,20102011
X141,EMS,C,20102011
X142,EMS,C,20102011
X144,EMS,C,20102011
X145,EMS,B,20102011
X146,EMS,B,20102011
X156,EMS,None,20102011
X150,EMS,B,20102011
X151,EMS,A,20102011
X152,EMS,A,20102011
X153,EMS,A,20102011
X154,EMS,C,20102011
X157,EMS,C,20102011
X159,EMS,C,20102011
X166,EMS,None,20102011
X174,EMS,None,20102011
X160,EMS,C,20102011
X161,EMS,B,20102011
X162,EMS,C,20102011
X163,EMS,C,20102011
X165,EMS,B,20102011
X175,EMS,C,20102011
X178,EMS,B,20102011
X179,EMS,F,20102011
X180,EMS,C,20102011
X192,EMS,None,20102011
X181,EMS,B,20102011
X182,EMS,B,20102011
X185,EMS,D,20102011
X198,EMS,None,20102011
X189,EMS,C,20102011
X201,EMS,None,20102011
X190,EMS,C,20102011
X194,EMS,C,20102011
X195,EMS,C,20102011
X196,EMS,C,20102011
X199,EMS,A,20102011
X203,EMS,C,20102011
X204,EMS,B,20102011
X205,EMS,B,20102011
X206,EMS,C,20102011
X216,EMS,None,20102011
X211,EMS,B,20102011
X212,EMS,B,20102011
X220,EMS,None,20102011
X214,EMS,B,20102011
X215,EMS,B,20102011
X217,EMS,C,20102011
X218,EMS,C,20102011
X219,EMS,C,20102011
X221,EMS,C,20102011
X223,EMS,B,20102011
X224,EMS,D,20102011
X225,EMS,C,20102011
X237,EMS,None,20102011
X226,EMS,C,20102011
X228,EMS,B,20102011
X229,EMS,B,20102011
X230,EMS,C,20102011
X245,EMS,None,20102011
X232,EMS,A,20102011
X250,EMS,None,20102011
X241,EMS,B,20102011
X242,EMS,B,20102011
X243,EMS,C,20102011
X244,EMS,A,20102011
X246,EMS,B,20102011
X254,EMS,C,20102011
X255,EMS,A,20102011
X267,EMS,A,20102011
X269,EMS,C,20102011
X270,EMS,D,20102011
X271,EMS,C,20102011
X282,EMS,None,20102011
X272,EMS,C,20102011
X273,EMS,B,20102011
X277,EMS,F,20102011
X279,EMS,B,20102011
X280,EMS,B,20102011
X286,EMS,C,20102011
X287,EMS,B,20102011
X289,EMS,C,20102011
X291,EMS,B,20102011
X296,EMS,A,20102011
X298,EMS,A,20102011
X300,EMS,D,20102011
X301,EMS,C,20102011
X302,EMS,A,20102011
X303,EMS,C,20102011
X304,EMS,B,20102011
X306,EMS,D,20102011
X307,EMS,A,20102011
X308,EMS,B,20102011
X309,EMS,B,20102011
X310,EMS,D,20102011
X313,EMS,C,20102011
X315,EMS,A,20102011
X316,EMS,A,20102011
X318,EMS,B,20102011
X322,EMS,F,20102011
X323,EMS,C,20102011
X324,EMS,C,20102011
X325,EMS,C,20102011
X326,EMS,B,20102011
X327,EMS,B,20102011
X328,EMS,D,20102011
X331,EMS,B,20102011
X333,EMS,C,20102011
X335,EMS,B,20102011
X337,EMS,A,20102011
X339,EMS,D,20102011
X340,EMS,C,20102011
X341,EMS,C,20102011
X363,EMS,None,20102011
X342,EMS,A,20102011
X343,EMS,A,20102011
X344,EMS,C,20102011
X345,EMS,B,20102011
X346,EMS,A,20102011
X360,EMS,C,20102011
X366,EMS,C,20102011
X367,EMS,B,20102011
X368,EMS,B,20102011
X369,EMS,D,20102011
X370,EMS,F,20102011
X371,EMS,B,20102011
X372,EMS,D,20102011
X375,EMS,C,20102011
X376,EMS,B,20102011
X378,EMS,A,20102011
X399,EMS,None,20102011
X382,EMS,B,20102011
X383,EMS,C,20102011
X384,EMS,C,20102011
X385,EMS,C,20102011
X386,EMS,F,20102011
X390,EMS,B,20102011
X391,EMS,C,20102011
X396,EMS,B,20102011
X407,EMS,D,20102011
X413,EMS,B,20102011
X482,EMS,None,20102011
X419,EMS,F,20102011
X498,EMS,None,20102011
X422,EMS,D,20102011
X424,EMS,C,20102011
X517,EMS,None,20102011
X447,EMS,C,20102011
X448,EMS,D,20102011
X454,EMS,A,20102011
X459,EMS,A,20102011
X462,EMS,B,20102011
X467,EMS,B,20102011
X468,EMS,B,20102011
X488,EMS,C,20102011
X500,EMS,C,20102011
X505,EMS,C,20102011
X551,EMS,C,20102011
X691,EMS,A,20102011
X703,EMS,C,20102011
X704,EMS,A,20102011
X705,EMS,B,20102011
X706,EMS,C,20102011
X717,EMS,A,20102011
X718,EMS,C,20102011
X730,EMS,D,20102011
K027,HS,None,20102011
K071,HS,C,20102011
K265,HS,B,20102011
K322,HS,Pending,20102011
K336,HS,None,20102011
K337,HS,B,20102011
K344,HS,B,20102011
K348,HS,B,20102011
K350,HS,D,20102011
K355,HS,None,20102011
K356,HS,None,20102011
K357,HS,None,20102011
K359,HS,None,20102011
K382,HS,D,20102011
K393,HS,C,20102011
K400,HS,None,20102011
K403,HS,A,20102011
K404,HS,A,20102011
K405,HS,C,20102011
K408,HS,B,20102011
K409,HS,C,20102011
K410,HS,C,20102011
K412,HS,C,20102011
K415,HS,None,20102011
K419,HS,A,20102011
K420,HS,None,20102011
K425,HS,B,20102011
K429,HS,B,20102011
K430,HS,B,20102011
K439,HS,A,20102011
K445,HS,B,20102011
K448,HS,A,20102011
K449,HS,B,20102011
K454,HS,B,20102011
K455,HS,F,20102011
K462,HS,C,20102011
K463,HS,B,20102011
K464,HS,D,20102011
K468,HS,None,20102011
K473,HS,C,20102011
K474,HS,C,20102011
K477,HS,D,20102011
K478,HS,A,20102011
K483,HS,B,20102011
K485,HS,A,20102011
K488,HS,B,20102011
K489,HS,None,20102011
K490,HS,B,20102011
K493,HS,B,20102011
K495,HS,D,20102011
K497,HS,Pending,20102011
K498,HS,B,20102011
K499,HS,B,20102011
K500,HS,None,20102011
K502,HS,Pending,20102011
K504,HS,B,20102011
K505,HS,B,20102011
K507,HS,B,20102011
K509,HS,F,20102011
K510,HS,C,20102011
K514,HS,A,20102011
K515,HS,None,20102011
K519,HS,B,20102011
K520,HS,None,20102011
K524,HS,A,20102011
K525,HS,B,20102011
K527,HS,None,20102011
K528,HS,C,20102011
K530,HS,None,20102011
K531,HS,A,20102011
K533,HS,D,20102011
K535,HS,A,20102011
K537,HS,C,20102011
K539,HS,A,20102011
K540,HS,C,20102011
K543,HS,B,20102011
K544,HS,F,20102011
K545,HS,F,20102011
K546,HS,A,20102011
K547,HS,B,20102011
K548,HS,B,20102011
K549,HS,A,20102011
K552,HS,B,20102011
K553,HS,None,20102011
K554,HS,A,20102011
K555,HS,A,20102011
K556,HS,C,20102011
K558,HS,A,20102011
K559,HS,B,20102011
K561,HS,A,20102011
K563,HS,A,20102011
K564,HS,None,20102011
K566,HS,C,20102011
K567,HS,A,20102011
K568,HS,None,20102011
K569,HS,C,20102011
K572,HS,D,20102011
K575,HS,None,20102011
K576,HS,A,20102011
K583,HS,C,20102011
K585,HS,None,20102011
K586,HS,A,20102011
K589,HS,B,20102011
K590,HS,B,20102011
K594,HS,F,20102011
K595,HS,A,20102011
K600,HS,C,20102011
K605,HS,D,20102011
K609,HS,None,20102011
K610,HS,C,20102011
K615,HS,B,20102011
K617,HS,None,20102011
K618,HS,None,20102011
K620,HS,B,20102011
K625,HS,None,20102011
K629,HS,None,20102011
K632,HS,None,20102011
K633,HS,None,20102011
K637,HS,None,20102011
K639,HS,None,20102011
K642,HS,None,20102011
K645,HS,None,20102011
K656,HS,B,20102011
K659,HS,D,20102011
K660,HS,A,20102011
K667,HS,None,20102011
K670,HS,B,20102011
K674,HS,None,20102011
K683,HS,None,20102011
K685,HS,A,20102011
K688,HS,None,20102011
K690,HS,C,20102011
K693,HS,None,20102011
K694,HS,None,20102011
K697,HS,A,20102011
K698,HS,None,20102011
K751,HS,None,20102011
M047,HS,C,20102011
M279,HS,None,20102011
M283,HS,F,20102011
M284,HS,None,20102011
M288,HS,A,20102011
M292,HS,C,20102011
M293,HS,None,20102011
M294,HS,B,20102011
M296,HS,A,20102011
M298,HS,A,20102011
M299,HS,C,20102011
M300,HS,B,20102011
M303,HS,B,20102011
M304,HS,B,20102011
M305,HS,C,20102011
M307,HS,A,20102011
M308,HS,A,20102011
M316,HS,B,20102011
M335,HS,None,20102011
M336,HS,None,20102011
M346,HS,None,20102011
M348,HS,None,20102011
M350,HS,None,20102011
M353,HS,A,20102011
M362,HS,None,20102011
M367,HS,C,20102011
M369,HS,D,20102011
M374,HS,C,20102011
M376,HS,None,20102011
M392,HS,None,20102011
M393,HS,None,20102011
M399,HS,None,20102011
M400,HS,B,20102011
M402,HS,None,20102011
M403,HS,None,20102011
M407,HS,A,20102011
M408,HS,B,20102011
M409,HS,C,20102011
M411,HS,A,20102011
M412,HS,A,20102011
M413,HS,B,20102011
M414,HS,A,20102011
M415,HS,D,20102011
M416,HS,A,20102011
M417,HS,None,20102011
M418,HS,A,20102011
M419,HS,D,20102011
M420,HS,B,20102011
M425,HS,C,20102011
M427,HS,None,20102011
M429,HS,F,20102011
M433,HS,None,20102011
M435,HS,A,20102011
M437,HS,None,20102011
M438,HS,None,20102011
M439,HS,A,20102011
M440,HS,None,20102011
M448,HS,C,20102011
M449,HS,B,20102011
M450,HS,A,20102011
M459,HS,B,20102011
M460,HS,F,20102011
M462,HS,C,20102011
M463,HS,C,20102011
M467,HS,A,20102011
M468,HS,D,20102011
M469,HS,C,20102011
M470,HS,None,20102011
M475,HS,A,20102011
M479,HS,A,20102011
M485,HS,A,20102011
M489,HS,B,20102011
M492,HS,A,20102011
M494,HS,C,20102011
M495,HS,A,20102011
M499,HS,C,20102011
M500,HS,A,20102011
M505,HS,None,20102011
M509,HS,C,20102011
M515,HS,None,20102011
M519,HS,B,20102011
M520,HS,D,20102011
M529,HS,C,20102011
M531,HS,B,20102011
M539,HS,A,20102011
M540,HS,C,20102011
M541,HS,B,20102011
M542,HS,A,20102011
M543,HS,A,20102011
M544,HS,None,20102011
M545,HS,A,20102011
M550,HS,None,20102011
M551,HS,A,20102011
M552,HS,A,20102011
M555,HS,A,20102011
M560,HS,None,20102011
M565,HS,None,20102011
M570,HS,None,20102011
M575,HS,None,20102011
M580,HS,C,20102011
M586,HS,None,20102011
M600,HS,A,20102011
M605,HS,None,20102011
M610,HS,A,20102011
M615,HS,B,20102011
M620,HS,None,20102011
M625,HS,F,20102011
M630,HS,B,20102011
M635,HS,None,20102011
M650,HS,None,20102011
M655,HS,B,20102011
M670,HS,A,20102011
M680,HS,B,20102011
M685,HS,D,20102011
M690,HS,None,20102011
M692,HS,A,20102011
M695,HS,None,20102011
M696,HS,B,20102011
M709,HS,B,20102011
M726,HS,None,20102011
M860,HS,C,20102011
Q157,HS,None,20102011
Q190,HS,None,20102011
Q248,HS,A,20102011
Q252,HS,None,20102011
Q259,HS,B,20102011
Q260,HS,C,20102011
Q262,HS,A,20102011
Q263,HS,B,20102011
Q264,HS,A,20102011
Q265,HS,B,20102011
Q267,HS,A,20102011
Q272,HS,B,20102011
Q281,HS,B,20102011
Q283,HS,C,20102011
Q284,HS,None,20102011
Q285,HS,A,20102011
Q286,HS,None,20102011
Q293,HS,None,20102011
Q296,HS,D,20102011
Q299,HS,A,20102011
Q301,HS,None,20102011
Q302,HS,None,20102011
Q308,HS,None,20102011
Q309,HS,None,20102011
Q310,HS,None,20102011
Q323,HS,A,20102011
Q324,HS,None,20102011
Q325,HS,None,20102011
Q326,HS,None,20102011
Q328,HS,None,20102011
Q400,HS,D,20102011
Q410,HS,None,20102011
Q415,HS,B,20102011
Q425,HS,B,20102011
Q430,HS,A,20102011
Q435,HS,D,20102011
Q440,HS,A,20102011
Q445,HS,C,20102011
Q450,HS,C,20102011
Q455,HS,C,20102011
Q460,HS,D,20102011
Q465,HS,None,20102011
Q470,HS,None,20102011
Q475,HS,D,20102011
Q480,HS,C,20102011
Q485,HS,C,20102011
Q492,HS,C,20102011
Q494,HS,D,20102011
Q495,HS,A,20102011
Q496,HS,C,20102011
Q498,HS,B,20102011
Q501,HS,B,20102011
Q502,HS,B,20102011
Q505,HS,A,20102011
Q520,HS,C,20102011
Q525,HS,A,20102011
Q530,HS,A,20102011
Q540,HS,None,20102011
Q550,HS,A,20102011
Q555,HS,A,20102011
Q560,HS,C,20102011
Q566,HS,B,20102011
Q575,HS,B,20102011
Q580,HS,B,20102011
Q600,HS,B,20102011
Q610,HS,A,20102011
Q620,HS,A,20102011
Q650,HS,A,20102011
Q670,HS,C,20102011
Q680,HS,B,20102011
Q686,HS,None,20102011
Q687,HS,A,20102011
Q690,HS,B,20102011
Q705,HS,B,20102011
Q896,HS,C,20102011
R047,HS,A,20102011
R064,HS,None,20102011
R080,HS,A,20102011
R440,HS,A,20102011
R445,HS,C,20102011
R450,HS,B,20102011
R455,HS,B,20102011
R460,HS,A,20102011
R470,HS,None,20102011
R600,HS,B,20102011
R605,HS,A,20102011
X141,HS,A,20102011
X213,HS,C,20102011
X221,HS,A,20102011
X225,HS,Pending,20102011
X227,HS,B,20102011
X231,HS,B,20102011
X237,HS,B,20102011
X239,HS,None,20102011
X241,HS,A,20102011
X242,HS,None,20102011
X243,HS,C,20102011
X245,HS,None,20102011
X248,HS,A,20102011
X249,HS,A,20102011
X250,HS,B,20102011
X251,HS,B,20102011
X252,HS,B,20102011
X253,HS,C,20102011
X260,HS,A,20102011
X262,HS,None,20102011
X263,HS,C,20102011
X265,HS,C,20102011
X267,HS,A,20102011
X268,HS,B,20102011
X269,HS,None,20102011
X270,HS,D,20102011
X271,HS,B,20102011
X275,HS,A,20102011
X276,HS,C,20102011
X278,HS,C,20102011
X282,HS,B,20102011
X284,HS,B,20102011
X288,HS,A,20102011
X290,HS,A,20102011
X293,HS,B,20102011
X295,HS,D,20102011
X297,HS,B,20102011
X299,HS,C,20102011
X305,HS,B,20102011
X312,HS,A,20102011
X324,HS,None,20102011
X329,HS,D,20102011
X332,HS,D,20102011
X334,HS,A,20102011
X342,HS,C,20102011
X345,HS,None,20102011
X347,HS,A,20102011
X365,HS,A,20102011
X368,HS,C,20102011
X372,HS,None,20102011
X374,HS,A,20102011
X388,HS,None,20102011
X393,HS,None,20102011
X395,HS,None,20102011
X397,HS,None,20102011
X403,HS,A,20102011
X404,HS,B,20102011
X405,HS,F,20102011
X412,HS,C,20102011
X413,HS,C,20102011
X414,HS,C,20102011
X415,HS,None,20102011
X418,HS,C,20102011
X425,HS,None,20102011
X427,HS,C,20102011
X430,HS,None,20102011
X432,HS,None,20102011
X433,HS,B,20102011
X434,HS,A,20102011
X437,HS,A,20102011
X438,HS,D,20102011
X439,HS,B,20102011
X440,HS,F,20102011
X442,HS,C,20102011
X445,HS,A,20102011
X450,HS,None,20102011
X452,HS,B,20102011
X455,HS,B,20102011
X473,HS,B,20102011
X475,HS,None,20102011
X477,HS,A,20102011
X478,HS,None,20102011
X479,HS,None,20102011
X480,HS,None,20102011
X495,HS,A,20102011
X500,HS,B,20102011
X505,HS,C,20102011
X513,HS,B,20102011
X514,HS,C,20102011
X517,HS,B,20102011
X519,HS,B,20102011
X520,HS,C,20102011
X525,HS,B,20102011
X527,HS,B,20102011
X530,HS,C,20102011
X540,HS,None,20102011
X541,HS,None,20102011
X542,HS,B,20102011
X543,HS,A,20102011
X544,HS,A,20102011
X545,HS,Pending,20102011
X546,HS,C,20102011
X547,HS,B,20102011
X548,HS,A,20102011
X549,HS,A,20102011
X550,HS,B,20102011
X551,HS,A,20102011
X560,HS,None,20102011
X600,HS,C,20102011
X650,HS,F,20102011
X655,HS,F,20102011
X660,HS,F,20102011
X670,HS,B,20102011
X680,HS,None,20102011
X682,HS,A,20102011
X684,HS,C,20102011
X686,HS,None,20102011
X690,HS,None,20102011
X692,HS,B,20102011
X696,HS,A,20102011
X703,HS,C,20102011
X704,HS,None,20102011
K489,HST,D,20102011
K520,HST,None,20102011
K529,HST,A,20102011
K553,HST,A,20102011
K564,HST,C,20102011
K568,HST,A,20102011
K575,HST,C,20102011
K578,HST,C,20102011
K585,HST,None,20102011
K616,HST,B,20102011
K635,HST,C,20102011
K643,HST,A,20102011
K646,HST,D,20102011
K647,HST,A,20102011
K673,HST,B,20102011
K698,HST,B,20102011
K728,HST,A,20102011
M285,HST,B,20102011
M313,HST,C,20102011
M394,HST,None,20102011
M404,HST,None,20102011
M423,HST,None,20102011
M432,HST,None,20102011
M458,HST,None,20102011
M505,HST,C,20102011
M515,HST,A,20102011
M544,HST,C,20102011
M550,HST,A,20102011
M560,HST,C,20102011
M565,HST,B,20102011
M570,HST,A,20102011
M575,HST,B,20102011
M586,HST,C,20102011
M605,HST,B,20102011
M650,HST,A,20102011
M707,HST,B,20102011
Q338,HST,None,20102011
Q540,HST,C,20102011
Q744,HST,B,20102011
Q792,HST,B,20102011
R470,HST,A,20102011
X319,HST,Pending,20102011
X321,HST,C,20102011
X377,HST,B,20102011
X379,HST,C,20102011
X381,HST,C,20102011
X446,HST,None,20102011
X480,HST,C,20102011
X560,HST,None,20102011
K411,YABC,B,20102011
K431,YABC,A,20102011
K467,YABC,C,20102011
K501,YABC,A,20102011
K657,YABC,D,20102011
K658,YABC,B,20102011
K922,YABC,C,20102011
K923,YABC,B,20102011
M457,YABC,A,20102011
M473,YABC,B,20102011
M577,YABC,None,20102011
Q457,YABC,B,20102011
Q467,YABC,A,20102011
Q487,YABC,A,20102011
R607,YABC,B,20102011
X408,YABC,A,20102011
X417,YABC,B,20102011
X428,YABC,B,20102011
X456,YABC,A,20102011
X503,YABC,C,20102011
X504,YABC,D,20102011
X507,YABC,D,20102011
X667,YABC,D,20102011
K036,D75,None,20082009
K053,D75,None,20082009
K140,D75,None,20082009
K141,D75,None,20082009
K231,D75,None,20082009
K368,D75,None,20082009
K369,D75,None,20082009
K372,D75,None,20082009
K771,D75,None,20082009
M094,D75,None,20082009
M138,D75,None,20082009
M169,D75,None,20082009
M811,D75,None,20082009
Q004,D75,None,20082009
Q009,D75,None,20082009
Q023,D75,None,20082009
Q075,D75,None,20082009
Q224,D75,None,20082009
Q256,D75,None,20082009
R025,D75,None,20082009
R373,D75,None,20082009
X010,D75,None,20082009
X017,D75,None,20082009
X168,D75,None,20082009
X186,D75,None,20082009
X188,D75,None,20082009
X352,D75,None,20082009
X723,D75,None,20082009
K249,EC,None,20082009
K361,EC,None,20082009
K626,EC,None,20082009
K627,EC,None,20082009
K628,EC,None,20082009
K649,EC,None,20082009
K651,EC,None,20082009
K652,EC,None,20082009
K676,EC,None,20082009
K677,EC,None,20082009
K742,EC,None,20082009
K782,EC,None,20082009
K791,EC,None,20082009
M036,EC,None,20082009
M112,EC,None,20082009
M178,EC,None,20082009
M185,EC,None,20082009
M382,EC,None,20082009
M384,EC,None,20082009
M385,EC,None,20082009
M386,EC,None,20082009
Q007,EC,None,20082009
Q028,EC,None,20082009
Q130,EC,None,20082009
Q182,EC,None,20082009
Q222,EC,None,20082009
Q228,EC,None,20082009
Q242,EC,None,20082009
Q244,EC,None,20082009
Q251,EC,None,20082009
Q304,EC,None,20082009
Q305,EC,None,20082009
Q306,EC,None,20082009
Q307,EC,None,20082009
Q317,EC,None,20082009
Q341,EC,None,20082009
R065,EC,None,20082009
X023,EC,None,20082009
X088,EC,None,20082009
X170,EC,None,20082009
X207,EC,None,20082009
X209,EC,None,20082009
X236,EC,None,20082009
X333,EC,None,20082009
X382,EC,None,20082009
X386,EC,None,20082009
X389,EC,None,20082009
X394,EC,None,20082009
X398,EC,None,20082009
X419,EC,None,20082009
X422,EC,None,20082009
X443,EC,None,20082009
X457,EC,None,20082009
X463,EC,None,20082009
X496,EC,None,20082009
K001,EMS,A,20082009
K002,EMS,A,20082009
K003,EMS,A,20082009
K005,EMS,A,20082009
K006,EMS,A,20082009
K007,EMS,A,20082009
K008,EMS,A,20082009
K009,EMS,A,20082009
K010,EMS,A,20082009
K011,EMS,A,20082009
K012,EMS,A,20082009
K013,EMS,B,20082009
K014,EMS,A,20082009
K015,EMS,A,20082009
K016,EMS,A,20082009
K017,EMS,A,20082009
K018,EMS,B,20082009
K019,EMS,B,20082009
K020,EMS,A,20082009
K021,EMS,B,20082009
K022,EMS,A,20082009
K023,EMS,A,20082009
K024,EMS,A,20082009
K025,EMS,A,20082009
K026,EMS,A,20082009
K027,EMS,None,20082009
K028,EMS,D,20082009
K029,EMS,A,20082009
K030,EMS,A,20082009
K031,EMS,A,20082009
K032,EMS,A,20082009
K034,EMS,A,20082009
K035,EMS,A,20082009
K038,EMS,A,20082009
K039,EMS,A,20082009
K040,EMS,A,20082009
K041,EMS,A,20082009
K044,EMS,A,20082009
K045,EMS,A,20082009
K046,EMS,A,20082009
K048,EMS,A,20082009
K049,EMS,None,20082009
K050,EMS,A,20082009
K051,EMS,A,20082009
K052,EMS,A,20082009
K054,EMS,A,20082009
K055,EMS,None,20082009
K056,EMS,C,20082009
K057,EMS,A,20082009
K058,EMS,A,20082009
K059,EMS,A,20082009
K061,EMS,A,20082009
K062,EMS,A,20082009
K065,EMS,A,20082009
K066,EMS,A,20082009
K067,EMS,A,20082009
K068,EMS,A,20082009
K069,EMS,A,20082009
K071,EMS,A,20082009
K072,EMS,None,20082009
K073,EMS,B,20082009
K075,EMS,A,20082009
K078,EMS,A,20082009
K081,EMS,A,20082009
K084,EMS,A,20082009
K086,EMS,A,20082009
K088,EMS,A,20082009
K089,EMS,A,20082009
K090,EMS,A,20082009
K091,EMS,A,20082009
K092,EMS,A,20082009
K093,EMS,A,20082009
K094,EMS,A,20082009
K095,EMS,B,20082009
K096,EMS,A,20082009
K097,EMS,A,20082009
K098,EMS,B,20082009
K099,EMS,A,20082009
K100,EMS,A,20082009
K101,EMS,A,20082009
K102,EMS,A,20082009
K103,EMS,B,20082009
K104,EMS,B,20082009
K105,EMS,A,20082009
K106,EMS,A,20082009
K107,EMS,A,20082009
K108,EMS,A,20082009
K109,EMS,A,20082009
K110,EMS,A,20082009
K112,EMS,A,20082009
K113,EMS,A,20082009
K114,EMS,B,20082009
K115,EMS,A,20082009
K116,EMS,A,20082009
K117,EMS,None,20082009
K119,EMS,A,20082009
K120,EMS,A,20082009
K121,EMS,A,20082009
K123,EMS,A,20082009
K124,EMS,A,20082009
K126,EMS,B,20082009
K127,EMS,B,20082009
K128,EMS,B,20082009
K130,EMS,A,20082009
K131,EMS,A,20082009
K132,EMS,A,20082009
K133,EMS,A,20082009
K134,EMS,A,20082009
K135,EMS,A,20082009
K136,EMS,A,20082009
K137,EMS,B,20082009
K138,EMS,A,20082009
K139,EMS,A,20082009
K143,EMS,None,20082009
K145,EMS,A,20082009
K146,EMS,A,20082009
K147,EMS,B,20082009
K149,EMS,A,20082009
K150,EMS,A,20082009
K151,EMS,A,20082009
K152,EMS,A,20082009
K153,EMS,A,20082009
K154,EMS,A,20082009
K155,EMS,A,20082009
K156,EMS,A,20082009
K157,EMS,A,20082009
K158,EMS,A,20082009
K159,EMS,A,20082009
K160,EMS,A,20082009
K161,EMS,A,20082009
K162,EMS,A,20082009
K163,EMS,A,20082009
K164,EMS,A,20082009
K165,EMS,B,20082009
K166,EMS,B,20082009
K167,EMS,A,20082009
K169,EMS,A,20082009
K170,EMS,A,20082009
K171,EMS,B,20082009
K172,EMS,A,20082009
K174,EMS,B,20082009
K176,EMS,A,20082009
K177,EMS,A,20082009
K178,EMS,A,20082009
K179,EMS,A,20082009
K180,EMS,A,20082009
K181,EMS,A,20082009
K183,EMS,None,20082009
K184,EMS,B,20082009
K185,EMS,A,20082009
K186,EMS,A,20082009
K187,EMS,A,20082009
K188,EMS,A,20082009
K189,EMS,A,20082009
K190,EMS,A,20082009
K191,EMS,B,20082009
K192,EMS,A,20082009
K193,EMS,A,20082009
K194,EMS,A,20082009
K195,EMS,A,20082009
K196,EMS,A,20082009
K197,EMS,A,20082009
K198,EMS,A,20082009
K199,EMS,B,20082009
K200,EMS,A,20082009
K201,EMS,A,20082009
K202,EMS,A,20082009
K203,EMS,A,20082009
K204,EMS,A,20082009
K205,EMS,A,20082009
K206,EMS,A,20082009
K207,EMS,A,20082009
K208,EMS,A,20082009
K209,EMS,A,20082009
K211,EMS,A,20082009
K212,EMS,A,20082009
K213,EMS,A,20082009
K214,EMS,A,20082009
K215,EMS,A,20082009
K216,EMS,A,20082009
K217,EMS,A,20082009
K218,EMS,A,20082009
K219,EMS,A,20082009
K220,EMS,B,20082009
K221,EMS,A,20082009
K222,EMS,A,20082009
K223,EMS,A,20082009
K224,EMS,A,20082009
K225,EMS,A,20082009
K226,EMS,A,20082009
K227,EMS,A,20082009
K228,EMS,A,20082009
K229,EMS,A,20082009
K230,EMS,A,20082009
K232,EMS,None,20082009
K233,EMS,A,20082009
K234,EMS,A,20082009
K235,EMS,A,20082009
K236,EMS,B,20082009
K238,EMS,A,20082009
K239,EMS,A,20082009
K240,EMS,A,20082009
K241,EMS,A,20082009
K243,EMS,A,20082009
K244,EMS,A,20082009
K245,EMS,A,20082009
K246,EMS,A,20082009
K247,EMS,A,20082009
K250,EMS,A,20082009
K251,EMS,A,20082009
K252,EMS,None,20082009
K253,EMS,A,20082009
K254,EMS,A,20082009
K255,EMS,A,20082009
K256,EMS,A,20082009
K257,EMS,A,20082009
K258,EMS,None,20082009
K259,EMS,A,20082009
K260,EMS,B,20082009
K261,EMS,A,20082009
K262,EMS,A,20082009
K265,EMS,A,20082009
K266,EMS,A,20082009
K267,EMS,A,20082009
K268,EMS,A,20082009
K269,EMS,A,20082009
K270,EMS,A,20082009
K271,EMS,None,20082009
K272,EMS,A,20082009
K273,EMS,A,20082009
K274,EMS,A,20082009
K276,EMS,A,20082009
K277,EMS,B,20082009
K278,EMS,B,20082009
K279,EMS,A,20082009
K281,EMS,A,20082009
K282,EMS,B,20082009
K284,EMS,A,20082009
K285,EMS,B,20082009
K287,EMS,A,20082009
K288,EMS,A,20082009
K289,EMS,B,20082009
K290,EMS,A,20082009
K291,EMS,B,20082009
K292,EMS,A,20082009
K295,EMS,A,20082009
K296,EMS,A,20082009
K297,EMS,B,20082009
K298,EMS,A,20082009
K299,EMS,B,20082009
K301,EMS,B,20082009
K302,EMS,B,20082009
K303,EMS,A,20082009
K304,EMS,None,20082009
K305,EMS,A,20082009
K306,EMS,A,20082009
K307,EMS,A,20082009
K308,EMS,A,20082009
K309,EMS,B,20082009
K311,EMS,B,20082009
K312,EMS,A,20082009
K313,EMS,B,20082009
K315,EMS,A,20082009
K316,EMS,A,20082009
K318,EMS,A,20082009
K321,EMS,A,20082009
K323,EMS,A,20082009
K327,EMS,A,20082009
K328,EMS,A,20082009
K329,EMS,A,20082009
K330,EMS,A,20082009
K332,EMS,C,20082009
K334,EMS,C,20082009
K335,EMS,A,20082009
K336,EMS,B,20082009
K340,EMS,B,20082009
K345,EMS,A,20082009
K346,EMS,A,20082009
K347,EMS,A,20082009
K349,EMS,A,20082009
K352,EMS,A,20082009
K353,EMS,A,20082009
K354,EMS,A,20082009
K355,EMS,A,20082009
K356,EMS,A,20082009
K357,EMS,B,20082009
K358,EMS,A,20082009
K359,EMS,B,20082009
K362,EMS,A,20082009
K364,EMS,A,20082009
K366,EMS,None,20082009
K375,EMS,A,20082009
K376,EMS,A,20082009
K377,EMS,A,20082009
K380,EMS,A,20082009
K381,EMS,B,20082009
K382,EMS,C,20082009
K383,EMS,B,20082009
K384,EMS,A,20082009
K385,EMS,A,20082009
K392,EMS,A,20082009
K393,EMS,C,20082009
K394,EMS,A,20082009
K397,EMS,A,20082009
K398,EMS,A,20082009
K399,EMS,A,20082009
K409,EMS,A,20082009
K418,EMS,None,20082009
K429,EMS,A,20082009
K442,EMS,A,20082009
K443,EMS,A,20082009
K447,EMS,A,20082009
K448,EMS,B,20082009
K452,EMS,A,20082009
K462,EMS,A,20082009
K463,EMS,A,20082009
K464,EMS,A,20082009
K468,EMS,A,20082009
K484,EMS,A,20082009
K492,EMS,B,20082009
K493,EMS,B,20082009
K497,EMS,A,20082009
K503,EMS,A,20082009
K506,EMS,A,20082009
K508,EMS,A,20082009
K513,EMS,None,20082009
K517,EMS,None,20082009
K518,EMS,A,20082009
K522,EMS,A,20082009
K527,EMS,C,20082009
K531,EMS,A,20082009
K533,EMS,B,20082009
K534,EMS,B,20082009
K536,EMS,None,20082009
K538,EMS,A,20082009
K543,EMS,B,20082009
K554,EMS,A,20082009
K555,EMS,B,20082009
K571,EMS,B,20082009
K577,EMS,A,20082009
K581,EMS,A,20082009
K582,EMS,A,20082009
K584,EMS,A,20082009
K586,EMS,A,20082009
K587,EMS,A,20082009
K588,EMS,A,20082009
K590,EMS,A,20082009
K592,EMS,A,20082009
K593,EMS,A,20082009
K596,EMS,C,20082009
K598,EMS,A,20082009
K608,EMS,A,20082009
K609,EMS,A,20082009
K614,EMS,None,20082009
K631,EMS,None,20082009
K634,EMS,None,20082009
K636,EMS,None,20082009
K644,EMS,None,20082009
K648,EMS,None,20082009
K671,EMS,None,20082009
K652,EMS,None,20082009
K676,EMS,None,20082009
K691,EMS,None,20082009
K677,EMS,None,20082009
K678,EMS,None,20082009
K690,EMS,A,20082009
K697,EMS,A,20082009
K701,EMS,C,20082009
K702,EMS,A,20082009
K703,EMS,B,20082009
K704,EMS,A,20082009
K707,EMS,None,20082009
K710,EMS,None,20082009
K726,EMS,None,20082009
K730,EMS,None,20082009
K777,EMS,None,20082009
K780,EMS,None,20082009
K731,EMS,A,20082009
K740,EMS,None,20082009
K744,EMS,None,20082009
K821,EMS,A,20082009
M001,EMS,B,20082009
M002,EMS,A,20082009
M003,EMS,A,20082009
M004,EMS,A,20082009
M005,EMS,A,20082009
M006,EMS,A,20082009
M007,EMS,A,20082009
M008,EMS,A,20082009
M009,EMS,A,20082009
M011,EMS,A,20082009
M012,EMS,A,20082009
M013,EMS,A,20082009
M015,EMS,B,20082009
M018,EMS,A,20082009
M019,EMS,A,20082009
M020,EMS,A,20082009
M028,EMS,A,20082009
M030,EMS,A,20082009
M033,EMS,A,20082009
M034,EMS,A,20082009
M036,EMS,None,20082009
M037,EMS,A,20082009
M044,EMS,None,20082009
M038,EMS,A,20082009
M040,EMS,A,20082009
M047,EMS,None,20082009
M041,EMS,A,20082009
M042,EMS,A,20082009
M045,EMS,B,20082009
M046,EMS,A,20082009
M048,EMS,A,20082009
M050,EMS,A,20082009
M051,EMS,A,20082009
M052,EMS,A,20082009
M054,EMS,A,20082009
M057,EMS,A,20082009
M059,EMS,A,20082009
M063,EMS,B,20082009
M064,EMS,A,20082009
M072,EMS,A,20082009
M075,EMS,A,20082009
M076,EMS,A,20082009
M077,EMS,A,20082009
M083,EMS,A,20082009
M084,EMS,A,20082009
M087,EMS,A,20082009
M101,EMS,None,20082009
M089,EMS,A,20082009
M092,EMS,B,20082009
M096,EMS,A,20082009
M098,EMS,A,20082009
M102,EMS,B,20082009
M104,EMS,A,20082009
M108,EMS,A,20082009
M110,EMS,B,20082009
M117,EMS,None,20082009
M111,EMS,A,20082009
M114,EMS,A,20082009
M115,EMS,A,20082009
M116,EMS,A,20082009
M123,EMS,A,20082009
M124,EMS,A,20082009
M125,EMS,A,20082009
M126,EMS,A,20082009
M128,EMS,A,20082009
M129,EMS,A,20082009
M130,EMS,A,20082009
M131,EMS,A,20082009
M132,EMS,A,20082009
M133,EMS,A,20082009
M134,EMS,B,20082009
M137,EMS,A,20082009
M140,EMS,A,20082009
M142,EMS,A,20082009
M143,EMS,A,20082009
M145,EMS,A,20082009
M146,EMS,A,20082009
M149,EMS,A,20082009
M150,EMS,A,20082009
M152,EMS,A,20082009
M153,EMS,A,20082009
M154,EMS,A,20082009
M155,EMS,A,20082009
M158,EMS,A,20082009
M161,EMS,A,20082009
M163,EMS,A,20082009
M172,EMS,None,20082009
M165,EMS,A,20082009
M166,EMS,B,20082009
M167,EMS,A,20082009
M171,EMS,A,20082009
M173,EMS,A,20082009
M175,EMS,C,20082009
M180,EMS,A,20082009
M182,EMS,A,20082009
M183,EMS,A,20082009
M184,EMS,A,20082009
M187,EMS,A,20082009
M188,EMS,A,20082009
M195,EMS,B,20082009
M189,EMS,A,20082009
M191,EMS,A,20082009
M192,EMS,A,20082009
M194,EMS,A,20082009
M197,EMS,A,20082009
M198,EMS,B,20082009
M199,EMS,A,20082009
M200,EMS,A,20082009
M206,EMS,A,20082009
M208,EMS,A,20082009
M210,EMS,A,20082009
M212,EMS,A,20082009
M217,EMS,B,20082009
M218,EMS,A,20082009
M223,EMS,A,20082009
M224,EMS,B,20082009
M225,EMS,A,20082009
M234,EMS,A,20082009
M246,EMS,None,20082009
M241,EMS,A,20082009
M242,EMS,A,20082009
M243,EMS,A,20082009
M245,EMS,A,20082009
M247,EMS,A,20082009
M250,EMS,A,20082009
M255,EMS,B,20082009
M256,EMS,A,20082009
M258,EMS,A,20082009
M260,EMS,A,20082009
M276,EMS,None,20082009
M278,EMS,A,20082009
M279,EMS,A,20082009
M284,EMS,B,20082009
M286,EMS,A,20082009
M289,EMS,B,20082009
M290,EMS,A,20082009
M292,EMS,B,20082009
M293,EMS,A,20082009
M301,EMS,A,20082009
M302,EMS,A,20082009
M317,EMS,D,20082009
M311,EMS,A,20082009
M312,EMS,A,20082009
M314,EMS,A,20082009
M321,EMS,None,20082009
M315,EMS,A,20082009
M318,EMS,B,20082009
M319,EMS,A,20082009
M320,EMS,None,20082009
M322,EMS,A,20082009
M324,EMS,A,20082009
M325,EMS,A,20082009
M326,EMS,A,20082009
M328,EMS,A,20082009
M329,EMS,F,20082009
M330,EMS,A,20082009
M332,EMS,A,20082009
M333,EMS,B,20082009
M344,EMS,D,20082009
M334,EMS,A,20082009
M335,EMS,A,20082009
M336,EMS,A,20082009
M341,EMS,B,20082009
M345,EMS,A,20082009
M346,EMS,A,20082009
M347,EMS,A,20082009
M348,EMS,A,20082009
M355,EMS,A,20082009
M349,EMS,A,20082009
M350,EMS,A,20082009
M351,EMS,None,20082009
M353,EMS,A,20082009
M361,EMS,B,20082009
M362,EMS,A,20082009
M363,EMS,B,20082009
M364,EMS,B,20082009
M366,EMS,F,20082009
M367,EMS,C,20082009
M368,EMS,A,20082009
M372,EMS,None,20082009
M375,EMS,None,20082009
M377,EMS,None,20082009
M378,EMS,None,20082009
M381,EMS,None,20082009
M388,EMS,None,20082009
M406,EMS,None,20082009
M407,EMS,B,20082009
M408,EMS,B,20082009
M410,EMS,None,20082009
M413,EMS,A,20082009
M415,EMS,A,20082009
M421,EMS,None,20082009
M422,EMS,None,20082009
M478,EMS,None,20082009
M481,EMS,None,20082009
M430,EMS,None,20082009
M442,EMS,A,20082009
M509,EMS,None,20082009
M450,EMS,A,20082009
M469,EMS,A,20082009
M497,EMS,A,20082009
M635,EMS,None,20082009
M499,EMS,A,20082009
M528,EMS,A,20082009
M539,EMS,A,20082009
M610,EMS,B,20082009
M655,EMS,B,20082009
M670,EMS,B,20082009
M702,EMS,A,20082009
M704,EMS,A,20082009
M705,EMS,A,20082009
M708,EMS,A,20082009
M709,EMS,A,20082009
M726,EMS,A,20082009
M825,EMS,A,20082009
M839,EMS,A,20082009
M859,EMS,None,20082009
M860,EMS,A,20082009
M861,EMS,B,20082009
M862,EMS,A,20082009
M896,EMS,A,20082009
M964,EMS,A,20082009
Q002,EMS,B,20082009
Q005,EMS,A,20082009
Q008,EMS,A,20082009
Q010,EMS,A,20082009
Q011,EMS,A,20082009
Q012,EMS,A,20082009
Q013,EMS,A,20082009
Q014,EMS,A,20082009
Q015,EMS,A,20082009
Q016,EMS,A,20082009
Q017,EMS,A,20082009
Q018,EMS,A,20082009
Q019,EMS,A,20082009
Q020,EMS,A,20082009
Q021,EMS,A,20082009
Q022,EMS,A,20082009
Q030,EMS,B,20082009
Q024,EMS,A,20082009
Q025,EMS,A,20082009
Q026,EMS,A,20082009
Q029,EMS,A,20082009
Q031,EMS,A,20082009
Q032,EMS,A,20082009
Q033,EMS,A,20082009
Q034,EMS,A,20082009
Q035,EMS,B,20082009
Q036,EMS,B,20082009
Q037,EMS,A,20082009
Q038,EMS,B,20082009
Q040,EMS,B,20082009
Q041,EMS,A,20082009
Q042,EMS,A,20082009
Q043,EMS,A,20082009
Q045,EMS,A,20082009
Q046,EMS,A,20082009
Q047,EMS,B,20082009
Q048,EMS,A,20082009
Q049,EMS,A,20082009
Q050,EMS,A,20082009
Q052,EMS,A,20082009
Q053,EMS,A,20082009
Q054,EMS,B,20082009
Q055,EMS,A,20082009
Q056,EMS,A,20082009
Q058,EMS,A,20082009
Q059,EMS,A,20082009
Q060,EMS,A,20082009
Q061,EMS,A,20082009
Q062,EMS,A,20082009
Q063,EMS,A,20082009
Q064,EMS,A,20082009
Q065,EMS,A,20082009
Q066,EMS,A,20082009
Q067,EMS,A,20082009
Q068,EMS,A,20082009
Q069,EMS,A,20082009
Q070,EMS,A,20082009
Q071,EMS,A,20082009
Q072,EMS,B,20082009
Q073,EMS,A,20082009
Q074,EMS,A,20082009
Q076,EMS,A,20082009
Q077,EMS,A,20082009
Q078,EMS,A,20082009
Q079,EMS,A,20082009
Q080,EMS,B,20082009
Q081,EMS,A,20082009
Q082,EMS,A,20082009
Q084,EMS,A,20082009
Q085,EMS,A,20082009
Q086,EMS,A,20082009
Q087,EMS,A,20082009
Q088,EMS,A,20082009
Q089,EMS,A,20082009
Q090,EMS,A,20082009
Q091,EMS,A,20082009
Q092,EMS,A,20082009
Q093,EMS,A,20082009
Q094,EMS,A,20082009
Q095,EMS,A,20082009
Q096,EMS,A,20082009
Q097,EMS,A,20082009
Q098,EMS,B,20082009
Q099,EMS,A,20082009
Q100,EMS,A,20082009
Q101,EMS,A,20082009
Q102,EMS,A,20082009
Q104,EMS,A,20082009
Q105,EMS,A,20082009
Q106,EMS,A,20082009
Q107,EMS,A,20082009
Q108,EMS,A,20082009
Q109,EMS,B,20082009
Q111,EMS,A,20082009
Q112,EMS,A,20082009
Q113,EMS,A,20082009
Q114,EMS,A,20082009
Q115,EMS,A,20082009
Q116,EMS,A,20082009
Q117,EMS,A,20082009
Q118,EMS,A,20082009
Q119,EMS,A,20082009
Q120,EMS,A,20082009
Q121,EMS,A,20082009
Q122,EMS,A,20082009
Q123,EMS,A,20082009
Q124,EMS,A,20082009
Q125,EMS,A,20082009
Q126,EMS,A,20082009
Q127,EMS,A,20082009
Q128,EMS,A,20082009
Q129,EMS,A,20082009
Q131,EMS,B,20082009
Q132,EMS,A,20082009
Q133,EMS,A,20082009
Q134,EMS,A,20082009
Q135,EMS,A,20082009
Q136,EMS,A,20082009
Q137,EMS,A,20082009
Q138,EMS,A,20082009
Q139,EMS,A,20082009
Q140,EMS,B,20082009
Q141,EMS,A,20082009
Q143,EMS,A,20082009
Q144,EMS,A,20082009
Q145,EMS,A,20082009
Q146,EMS,A,20082009
Q147,EMS,B,20082009
Q148,EMS,A,20082009
Q149,EMS,A,20082009
Q150,EMS,A,20082009
Q151,EMS,A,20082009
Q152,EMS,A,20082009
Q153,EMS,A,20082009
Q154,EMS,A,20082009
Q155,EMS,A,20082009
Q156,EMS,B,20082009
Q157,EMS,A,20082009
Q158,EMS,A,20082009
Q159,EMS,A,20082009
Q160,EMS,A,20082009
Q161,EMS,A,20082009
Q162,EMS,A,20082009
Q167,EMS,None,20082009
Q163,EMS,A,20082009
Q164,EMS,A,20082009
Q165,EMS,A,20082009
Q166,EMS,A,20082009
Q169,EMS,A,20082009
Q170,EMS,C,20082009
Q171,EMS,A,20082009
Q172,EMS,A,20082009
Q173,EMS,A,20082009
Q174,EMS,A,20082009
Q175,EMS,A,20082009
Q176,EMS,A,20082009
Q178,EMS,A,20082009
Q181,EMS,A,20082009
Q183,EMS,A,20082009
Q184,EMS,A,20082009
Q185,EMS,A,20082009
Q186,EMS,A,20082009
Q188,EMS,A,20082009
Q189,EMS,A,20082009
Q190,EMS,B,20082009
Q191,EMS,A,20082009
Q192,EMS,A,20082009
Q193,EMS,A,20082009
Q194,EMS,A,20082009
Q195,EMS,B,20082009
Q196,EMS,A,20082009
Q197,EMS,A,20082009
Q199,EMS,A,20082009
Q200,EMS,A,20082009
Q201,EMS,A,20082009
Q202,EMS,A,20082009
Q203,EMS,A,20082009
Q204,EMS,A,20082009
Q205,EMS,A,20082009
Q206,EMS,A,20082009
Q207,EMS,A,20082009
Q208,EMS,A,20082009
Q209,EMS,A,20082009
Q210,EMS,A,20082009
Q212,EMS,A,20082009
Q213,EMS,A,20082009
Q214,EMS,A,20082009
Q215,EMS,C,20082009
Q216,EMS,A,20082009
Q217,EMS,B,20082009
Q225,EMS,None,20082009
Q219,EMS,A,20082009
Q220,EMS,A,20082009
Q221,EMS,A,20082009
Q223,EMS,A,20082009
Q231,EMS,C,20082009
Q226,EMS,B,20082009
Q227,EMS,A,20082009
Q229,EMS,A,20082009
Q230,EMS,A,20082009
Q232,EMS,A,20082009
Q234,EMS,A,20082009
Q235,EMS,A,20082009
Q237,EMS,A,20082009
Q238,EMS,A,20082009
Q239,EMS,A,20082009
Q250,EMS,A,20082009
Q252,EMS,A,20082009
Q253,EMS,A,20082009
Q254,EMS,A,20082009
Q259,EMS,A,20082009
Q262,EMS,A,20082009
Q266,EMS,A,20082009
Q268,EMS,A,20082009
Q270,EMS,A,20082009
Q281,EMS,A,20082009
Q282,EMS,A,20082009
Q283,EMS,A,20082009
Q284,EMS,A,20082009
Q285,EMS,A,20082009
Q286,EMS,A,20082009
Q294,EMS,A,20082009
Q295,EMS,A,20082009
Q309,EMS,None,20082009
Q327,EMS,None,20082009
Q310,EMS,None,20082009
Q317,EMS,None,20082009
Q318,EMS,None,20082009
Q319,EMS,None,20082009
Q323,EMS,A,20082009
Q333,EMS,A,20082009
Q499,EMS,A,20082009
Q560,EMS,B,20082009
Q580,EMS,B,20082009
Q680,EMS,B,20082009
Q704,EMS,A,20082009
Q705,EMS,A,20082009
Q706,EMS,A,20082009
Q877,EMS,A,20082009
Q896,EMS,A,20082009
R001,EMS,A,20082009
R002,EMS,B,20082009
R003,EMS,B,20082009
R004,EMS,A,20082009
R005,EMS,A,20082009
R006,EMS,A,20082009
R007,EMS,A,20082009
R008,EMS,A,20082009
R011,EMS,A,20082009
R013,EMS,A,20082009
R014,EMS,A,20082009
R016,EMS,A,20082009
R018,EMS,A,20082009
R019,EMS,A,20082009
R020,EMS,A,20082009
R021,EMS,A,20082009
R022,EMS,A,20082009
R023,EMS,A,20082009
R024,EMS,A,20082009
R026,EMS,A,20082009
R027,EMS,A,20082009
R029,EMS,A,20082009
R030,EMS,B,20082009
R031,EMS,A,20082009
R032,EMS,B,20082009
R034,EMS,A,20082009
R035,EMS,B,20082009
R036,EMS,B,20082009
R038,EMS,A,20082009
R039,EMS,A,20082009
R041,EMS,A,20082009
R042,EMS,A,20082009
R044,EMS,A,20082009
R045,EMS,A,20082009
R046,EMS,B,20082009
R048,EMS,A,20082009
R049,EMS,A,20082009
R050,EMS,A,20082009
R051,EMS,B,20082009
R052,EMS,A,20082009
R053,EMS,A,20082009
R054,EMS,B,20082009
R055,EMS,B,20082009
R056,EMS,A,20082009
R057,EMS,A,20082009
R058,EMS,A,20082009
R060,EMS,A,20082009
R073,EMS,None,20082009
R061,EMS,B,20082009
R063,EMS,None,20082009
R067,EMS,None,20082009
R069,EMS,A,20082009
X002,EMS,None,20082009
R072,EMS,A,20082009
R075,EMS,B,20082009
R080,EMS,B,20082009
R861,EMS,None,20082009
X001,EMS,A,20082009
X003,EMS,A,20082009
X004,EMS,A,20082009
X005,EMS,A,20082009
X006,EMS,A,20082009
X007,EMS,A,20082009
X008,EMS,A,20082009
X009,EMS,A,20082009
X011,EMS,A,20082009
X014,EMS,A,20082009
X015,EMS,A,20082009
X016,EMS,A,20082009
X018,EMS,A,20082009
X019,EMS,A,20082009
X020,EMS,A,20082009
X021,EMS,B,20082009
X022,EMS,A,20082009
X024,EMS,A,20082009
X025,EMS,A,20082009
X028,EMS,A,20082009
X029,EMS,B,20082009
X030,EMS,A,20082009
X031,EMS,A,20082009
X032,EMS,A,20082009
X033,EMS,A,20082009
X035,EMS,A,20082009
X036,EMS,A,20082009
X037,EMS,A,20082009
X041,EMS,A,20082009
X042,EMS,A,20082009
X043,EMS,A,20082009
X044,EMS,A,20082009
X045,EMS,A,20082009
X046,EMS,A,20082009
X047,EMS,A,20082009
X048,EMS,A,20082009
X049,EMS,A,20082009
X050,EMS,B,20082009
X051,EMS,A,20082009
X053,EMS,A,20082009
X054,EMS,A,20082009
X055,EMS,A,20082009
X056,EMS,A,20082009
X057,EMS,A,20082009
X058,EMS,C,20082009
X059,EMS,A,20082009
X061,EMS,A,20082009
X062,EMS,A,20082009
X063,EMS,A,20082009
X064,EMS,A,20082009
X065,EMS,B,20082009
X066,EMS,A,20082009
X067,EMS,A,20082009
X068,EMS,A,20082009
X069,EMS,A,20082009
X070,EMS,A,20082009
X071,EMS,A,20082009
X079,EMS,None,20082009
X072,EMS,A,20082009
X073,EMS,A,20082009
X075,EMS,A,20082009
X076,EMS,A,20082009
X078,EMS,A,20082009
X080,EMS,A,20082009
X081,EMS,A,20082009
X090,EMS,None,20082009
X083,EMS,A,20082009
X085,EMS,A,20082009
X086,EMS,A,20082009
X087,EMS,A,20082009
X089,EMS,A,20082009
X091,EMS,A,20082009
X092,EMS,A,20082009
X093,EMS,A,20082009
X094,EMS,A,20082009
X095,EMS,A,20082009
X102,EMS,B,20082009
X096,EMS,A,20082009
X097,EMS,C,20082009
X098,EMS,A,20082009
X100,EMS,B,20082009
X101,EMS,C,20082009
X103,EMS,A,20082009
X105,EMS,A,20082009
X106,EMS,A,20082009
X107,EMS,B,20082009
X108,EMS,B,20082009
X109,EMS,A,20082009
X110,EMS,A,20082009
X111,EMS,A,20082009
X112,EMS,A,20082009
X114,EMS,A,20082009
X117,EMS,A,20082009
X118,EMS,A,20082009
X119,EMS,A,20082009
X121,EMS,A,20082009
X123,EMS,A,20082009
X125,EMS,B,20082009
X126,EMS,A,20082009
X127,EMS,A,20082009
X128,EMS,A,20082009
X135,EMS,None,20082009
X129,EMS,A,20082009
X130,EMS,B,20082009
X131,EMS,B,20082009
X132,EMS,B,20082009
X134,EMS,A,20082009
X138,EMS,A,20082009
X140,EMS,A,20082009
X141,EMS,B,20082009
X142,EMS,A,20082009
X144,EMS,A,20082009
X145,EMS,A,20082009
X146,EMS,A,20082009
X156,EMS,None,20082009
X150,EMS,A,20082009
X151,EMS,A,20082009
X152,EMS,A,20082009
X153,EMS,A,20082009
X154,EMS,A,20082009
X157,EMS,A,20082009
X159,EMS,A,20082009
X166,EMS,None,20082009
X174,EMS,None,20082009
X160,EMS,A,20082009
X161,EMS,A,20082009
X162,EMS,A,20082009
X163,EMS,A,20082009
X165,EMS,A,20082009
X175,EMS,A,20082009
X178,EMS,A,20082009
X179,EMS,A,20082009
X180,EMS,A,20082009
X192,EMS,None,20082009
X181,EMS,A,20082009
X182,EMS,A,20082009
X185,EMS,A,20082009
X198,EMS,None,20082009
X189,EMS,C,20082009
X201,EMS,None,20082009
X190,EMS,A,20082009
X194,EMS,A,20082009
X195,EMS,A,20082009
X196,EMS,A,20082009
X199,EMS,A,20082009
X203,EMS,A,20082009
X204,EMS,A,20082009
X205,EMS,A,20082009
X206,EMS,A,20082009
X216,EMS,None,20082009
X211,EMS,A,20082009
X212,EMS,A,20082009
X220,EMS,None,20082009
X214,EMS,A,20082009
X215,EMS,A,20082009
X217,EMS,A,20082009
X218,EMS,A,20082009
X219,EMS,A,20082009
X221,EMS,A,20082009
X223,EMS,A,20082009
X224,EMS,A,20082009
X225,EMS,A,20082009
X237,EMS,None,20082009
X226,EMS,B,20082009
X228,EMS,A,20082009
X229,EMS,A,20082009
X230,EMS,A,20082009
X245,EMS,C,20082009
X232,EMS,A,20082009
X250,EMS,None,20082009
X241,EMS,A,20082009
X242,EMS,A,20082009
X243,EMS,A,20082009
X244,EMS,A,20082009
X246,EMS,A,20082009
X254,EMS,A,20082009
X255,EMS,A,20082009
X267,EMS,A,20082009
X269,EMS,A,20082009
X270,EMS,A,20082009
X271,EMS,B,20082009
X282,EMS,None,20082009
X272,EMS,B,20082009
X273,EMS,A,20082009
X277,EMS,A,20082009
X279,EMS,A,20082009
X280,EMS,A,20082009
X286,EMS,A,20082009
X287,EMS,A,20082009
X289,EMS,B,20082009
X291,EMS,A,20082009
X296,EMS,A,20082009
X298,EMS,A,20082009
X300,EMS,B,20082009
X301,EMS,B,20082009
X302,EMS,A,20082009
X303,EMS,B,20082009
X304,EMS,A,20082009
X306,EMS,A,20082009
X307,EMS,A,20082009
X308,EMS,A,20082009
X309,EMS,B,20082009
X310,EMS,A,20082009
X313,EMS,A,20082009
X315,EMS,A,20082009
X316,EMS,A,20082009
X318,EMS,A,20082009
X322,EMS,B,20082009
X323,EMS,B,20082009
X324,EMS,A,20082009
X325,EMS,A,20082009
X326,EMS,D,20082009
X327,EMS,A,20082009
X328,EMS,A,20082009
X331,EMS,A,20082009
X333,EMS,None,20082009
X335,EMS,A,20082009
X337,EMS,A,20082009
X339,EMS,A,20082009
X340,EMS,A,20082009
X341,EMS,A,20082009
X363,EMS,None,20082009
X342,EMS,A,20082009
X343,EMS,A,20082009
X344,EMS,None,20082009
X345,EMS,A,20082009
X346,EMS,None,20082009
X360,EMS,A,20082009
X366,EMS,A,20082009
X367,EMS,A,20082009
X368,EMS,A,20082009
X369,EMS,None,20082009
X370,EMS,A,20082009
X371,EMS,A,20082009
X372,EMS,A,20082009
X375,EMS,A,20082009
X376,EMS,A,20082009
X378,EMS,None,20082009
X399,EMS,None,20082009
X382,EMS,None,20082009
X383,EMS,None,20082009
X384,EMS,None,20082009
X385,EMS,None,20082009
X386,EMS,None,20082009
X390,EMS,A,20082009
X391,EMS,A,20082009
X396,EMS,A,20082009
X407,EMS,A,20082009
X413,EMS,A,20082009
X482,EMS,None,20082009
X419,EMS,None,20082009
X498,EMS,None,20082009
X422,EMS,None,20082009
X424,EMS,None,20082009
X517,EMS,C,20082009
X447,EMS,None,20082009
X448,EMS,None,20082009
X454,EMS,None,20082009
X459,EMS,None,20082009
X462,EMS,None,20082009
X467,EMS,None,20082009
X468,EMS,None,20082009
X488,EMS,None,20082009
X500,EMS,A,20082009
X505,EMS,B,20082009
X551,EMS,A,20082009
X691,EMS,A,20082009
X703,EMS,A,20082009
X704,EMS,A,20082009
X705,EMS,A,20082009
X706,EMS,C,20082009
X717,EMS,A,20082009
X718,EMS,D,20082009
X730,EMS,A,20082009
K027,HS,None,20082009
K071,HS,C,20082009
K265,HS,B,20082009
K322,HS,C,20082009
K336,HS,None,20082009
K337,HS,A,20082009
K344,HS,B,20082009
K348,HS,A,20082009
K350,HS,B,20082009
K355,HS,None,20082009
K356,HS,None,20082009
K357,HS,None,20082009
K359,HS,None,20082009
K382,HS,None,20082009
K393,HS,D,20082009
K400,HS,None,20082009
K403,HS,None,20082009
K404,HS,None,20082009
K405,HS,B,20082009
K408,HS,None,20082009
K409,HS,B,20082009
K410,HS,B,20082009
K412,HS,None,20082009
K415,HS,None,20082009
K419,HS,D,20082009
K420,HS,None,20082009
K425,HS,B,20082009
K429,HS,C,20082009
K430,HS,A,20082009
K439,HS,A,20082009
K445,HS,B,20082009
K448,HS,A,20082009
K449,HS,None,20082009
K454,HS,None,20082009
K455,HS,D,20082009
K462,HS,C,20082009
K463,HS,C,20082009
K464,HS,B,20082009
K468,HS,None,20082009
K473,HS,C,20082009
K474,HS,B,20082009
K477,HS,D,20082009
K478,HS,A,20082009
K483,HS,A,20082009
K485,HS,A,20082009
K488,HS,A,20082009
K489,HS,None,20082009
K490,HS,B,20082009
K493,HS,B,20082009
K495,HS,C,20082009
K497,HS,A,20082009
K498,HS,A,20082009
K499,HS,B,20082009
K500,HS,None,20082009
K502,HS,C,20082009
K504,HS,C,20082009
K505,HS,B,20082009
K507,HS,B,20082009
K509,HS,C,20082009
K510,HS,B,20082009
K514,HS,B,20082009
K515,HS,None,20082009
K519,HS,B,20082009
K520,HS,None,20082009
K524,HS,A,20082009
K525,HS,B,20082009
K527,HS,None,20082009
K528,HS,C,20082009
K530,HS,D,20082009
K531,HS,A,20082009
K533,HS,B,20082009
K535,HS,A,20082009
K537,HS,C,20082009
K539,HS,A,20082009
K540,HS,C,20082009
K543,HS,A,20082009
K544,HS,D,20082009
K545,HS,C,20082009
K546,HS,A,20082009
K547,HS,C,20082009
K548,HS,B,20082009
K549,HS,A,20082009
K552,HS,B,20082009
K553,HS,None,20082009
K554,HS,A,20082009
K555,HS,A,20082009
K556,HS,B,20082009
K558,HS,A,20082009
K559,HS,None,20082009
K561,HS,A,20082009
K563,HS,None,20082009
K564,HS,None,20082009
K566,HS,None,20082009
K567,HS,None,20082009
K568,HS,None,20082009
K569,HS,None,20082009
K572,HS,None,20082009
K575,HS,None,20082009
K576,HS,None,20082009
K583,HS,None,20082009
K585,HS,None,20082009
K586,HS,None,20082009
K589,HS,None,20082009
K590,HS,A,20082009
K594,HS,None,20082009
K595,HS,A,20082009
K600,HS,B,20082009
K605,HS,B,20082009
K609,HS,None,20082009
K610,HS,B,20082009
K615,HS,B,20082009
K617,HS,None,20082009
K618,HS,None,20082009
K620,HS,C,20082009
K625,HS,C,20082009
K629,HS,None,20082009
K632,HS,None,20082009
K633,HS,None,20082009
K637,HS,None,20082009
K639,HS,None,20082009
K642,HS,None,20082009
K645,HS,None,20082009
K656,HS,B,20082009
K659,HS,None,20082009
K660,HS,D,20082009
K667,HS,None,20082009
K670,HS,B,20082009
K674,HS,None,20082009
K683,HS,None,20082009
K685,HS,A,20082009
K688,HS,None,20082009
K690,HS,B,20082009
K693,HS,None,20082009
K694,HS,None,20082009
K697,HS,A,20082009
K698,HS,None,20082009
K751,HS,None,20082009
M047,HS,A,20082009
M279,HS,None,20082009
M283,HS,B,20082009
M284,HS,None,20082009
M288,HS,A,20082009
M292,HS,B,20082009
M293,HS,None,20082009
M294,HS,A,20082009
M296,HS,A,20082009
M298,HS,A,20082009
M299,HS,B,20082009
M300,HS,A,20082009
M303,HS,A,20082009
M304,HS,C,20082009
M305,HS,B,20082009
M307,HS,C,20082009
M308,HS,A,20082009
M316,HS,A,20082009
M335,HS,None,20082009
M336,HS,None,20082009
M346,HS,None,20082009
M348,HS,None,20082009
M350,HS,None,20082009
M353,HS,None,20082009
M362,HS,None,20082009
M367,HS,None,20082009
M369,HS,None,20082009
M374,HS,None,20082009
M376,HS,None,20082009
M392,HS,None,20082009
M393,HS,None,20082009
M399,HS,None,20082009
M400,HS,B,20082009
M402,HS,None,20082009
M403,HS,None,20082009
M407,HS,A,20082009
M408,HS,A,20082009
M409,HS,C,20082009
M411,HS,A,20082009
M412,HS,A,20082009
M413,HS,A,20082009
M414,HS,A,20082009
M415,HS,A,20082009
M416,HS,A,20082009
M417,HS,None,20082009
M418,HS,A,20082009
M419,HS,C,20082009
M420,HS,C,20082009
M425,HS,C,20082009
M427,HS,None,20082009
M429,HS,D,20082009
M433,HS,None,20082009
M435,HS,B,20082009
M437,HS,None,20082009
M438,HS,None,20082009
M439,HS,A,20082009
M440,HS,None,20082009
M448,HS,D,20082009
M449,HS,A,20082009
M450,HS,A,20082009
M459,HS,A,20082009
M460,HS,C,20082009
M462,HS,A,20082009
M463,HS,B,20082009
M467,HS,A,20082009
M468,HS,A,20082009
M469,HS,D,20082009
M470,HS,None,20082009
M475,HS,A,20082009
M479,HS,A,20082009
M485,HS,A,20082009
M489,HS,B,20082009
M492,HS,A,20082009
M494,HS,A,20082009
M495,HS,A,20082009
M499,HS,C,20082009
M500,HS,A,20082009
M505,HS,None,20082009
M509,HS,B,20082009
M515,HS,None,20082009
M519,HS,A,20082009
M520,HS,D,20082009
M529,HS,C,20082009
M531,HS,A,20082009
M539,HS,A,20082009
M540,HS,B,20082009
M541,HS,A,20082009
M542,HS,A,20082009
M543,HS,A,20082009
M544,HS,None,20082009
M545,HS,A,20082009
M550,HS,None,20082009
M551,HS,A,20082009
M552,HS,A,20082009
M555,HS,A,20082009
M560,HS,None,20082009
M565,HS,None,20082009
M570,HS,None,20082009
M575,HS,None,20082009
M580,HS,B,20082009
M586,HS,None,20082009
M600,HS,A,20082009
M605,HS,None,20082009
M610,HS,A,20082009
M615,HS,C,20082009
M620,HS,D,20082009
M625,HS,C,20082009
M630,HS,B,20082009
M635,HS,D,20082009
M650,HS,None,20082009
M655,HS,B,20082009
M670,HS,B,20082009
M680,HS,A,20082009
M685,HS,C,20082009
M690,HS,None,20082009
M692,HS,A,20082009
M695,HS,None,20082009
M696,HS,B,20082009
M709,HS,None,20082009
M726,HS,None,20082009
M860,HS,C,20082009
Q157,HS,None,20082009
Q190,HS,None,20082009
Q248,HS,A,20082009
Q252,HS,None,20082009
Q259,HS,A,20082009
Q260,HS,B,20082009
Q262,HS,A,20082009
Q263,HS,A,20082009
Q264,HS,A,20082009
Q265,HS,A,20082009
Q267,HS,A,20082009
Q272,HS,A,20082009
Q281,HS,None,20082009
Q283,HS,None,20082009
Q284,HS,None,20082009
Q285,HS,None,20082009
Q286,HS,None,20082009
Q293,HS,None,20082009
Q296,HS,None,20082009
Q299,HS,None,20082009
Q301,HS,None,20082009
Q302,HS,None,20082009
Q308,HS,None,20082009
Q309,HS,None,20082009
Q310,HS,None,20082009
Q323,HS,None,20082009
Q324,HS,None,20082009
Q325,HS,None,20082009
Q326,HS,None,20082009
Q328,HS,None,20082009
Q400,HS,C,20082009
Q410,HS,D,20082009
Q415,HS,B,20082009
Q425,HS,C,20082009
Q430,HS,A,20082009
Q435,HS,C,20082009
Q440,HS,A,20082009
Q445,HS,B,20082009
Q450,HS,B,20082009
Q455,HS,C,20082009
Q460,HS,B,20082009
Q465,HS,None,20082009
Q470,HS,D,20082009
Q475,HS,C,20082009
Q480,HS,C,20082009
Q485,HS,C,20082009
Q492,HS,C,20082009
Q494,HS,B,20082009
Q495,HS,B,20082009
Q496,HS,D,20082009
Q498,HS,B,20082009
Q501,HS,A,20082009
Q502,HS,B,20082009
Q505,HS,B,20082009
Q520,HS,B,20082009
Q525,HS,A,20082009
Q530,HS,A,20082009
Q540,HS,None,20082009
Q550,HS,A,20082009
Q555,HS,A,20082009
Q560,HS,B,20082009
Q566,HS,B,20082009
Q575,HS,B,20082009
Q580,HS,A,20082009
Q600,HS,B,20082009
Q610,HS,A,20082009
Q620,HS,B,20082009
Q650,HS,None,20082009
Q670,HS,B,20082009
Q680,HS,A,20082009
Q686,HS,None,20082009
Q687,HS,A,20082009
Q690,HS,C,20082009
Q705,HS,A,20082009
Q896,HS,None,20082009
R047,HS,A,20082009
R064,HS,None,20082009
R080,HS,A,20082009
R440,HS,A,20082009
R445,HS,B,20082009
R450,HS,B,20082009
R455,HS,A,20082009
R460,HS,B,20082009
R470,HS,None,20082009
R600,HS,A,20082009
R605,HS,A,20082009
X141,HS,A,20082009
X213,HS,B,20082009
X221,HS,A,20082009
X225,HS,A,20082009
X227,HS,C,20082009
X231,HS,A,20082009
X237,HS,A,20082009
X239,HS,C,20082009
X241,HS,None,20082009
X242,HS,None,20082009
X243,HS,B,20082009
X245,HS,D,20082009
X248,HS,A,20082009
X249,HS,A,20082009
X250,HS,A,20082009
X251,HS,A,20082009
X252,HS,A,20082009
X253,HS,B,20082009
X260,HS,B,20082009
X262,HS,C,20082009
X263,HS,B,20082009
X265,HS,A,20082009
X267,HS,None,20082009
X268,HS,A,20082009
X269,HS,None,20082009
X270,HS,B,20082009
X271,HS,A,20082009
X275,HS,A,20082009
X276,HS,B,20082009
X278,HS,F,20082009
X282,HS,None,20082009
X284,HS,B,20082009
X288,HS,A,20082009
X290,HS,A,20082009
X293,HS,A,20082009
X295,HS,C,20082009
X297,HS,A,20082009
X299,HS,A,20082009
X305,HS,C,20082009
X312,HS,A,20082009
X324,HS,None,20082009
X329,HS,None,20082009
X332,HS,None,20082009
X334,HS,None,20082009
X342,HS,A,20082009
X345,HS,None,20082009
X347,HS,None,20082009
X365,HS,None,20082009
X368,HS,C,20082009
X372,HS,None,20082009
X374,HS,None,20082009
X388,HS,None,20082009
X393,HS,None,20082009
X395,HS,None,20082009
X397,HS,None,20082009
X403,HS,A,20082009
X404,HS,A,20082009
X405,HS,None,20082009
X412,HS,B,20082009
X413,HS,A,20082009
X414,HS,B,20082009
X415,HS,D,20082009
X418,HS,B,20082009
X425,HS,None,20082009
X427,HS,B,20082009
X430,HS,None,20082009
X432,HS,None,20082009
X433,HS,C,20082009
X434,HS,A,20082009
X437,HS,A,20082009
X438,HS,B,20082009
X439,HS,C,20082009
X440,HS,C,20082009
X442,HS,B,20082009
X445,HS,A,20082009
X450,HS,None,20082009
X452,HS,C,20082009
X455,HS,B,20082009
X473,HS,A,20082009
X475,HS,C,20082009
X477,HS,A,20082009
X478,HS,None,20082009
X479,HS,None,20082009
X480,HS,None,20082009
X495,HS,A,20082009
X500,HS,B,20082009
X505,HS,B,20082009
X513,HS,A,20082009
X514,HS,B,20082009
X517,HS,B,20082009
X519,HS,B,20082009
X520,HS,B,20082009
X525,HS,C,20082009
X527,HS,B,20082009
X530,HS,C,20082009
X540,HS,C,20082009
X541,HS,C,20082009
X542,HS,A,20082009
X543,HS,A,20082009
X544,HS,A,20082009
X545,HS,A,20082009
X546,HS,B,20082009
X547,HS,C,20082009
X548,HS,A,20082009
X549,HS,A,20082009
X550,HS,A,20082009
X551,HS,A,20082009
X560,HS,None,20082009
X600,HS,C,20082009
X650,HS,C,20082009
X655,HS,D,20082009
X660,HS,D,20082009
X670,HS,C,20082009
X680,HS,None,20082009
X682,HS,A,20082009
X684,HS,B,20082009
X686,HS,None,20082009
X690,HS,D,20082009
X692,HS,B,20082009
X696,HS,A,20082009
X703,HS,B,20082009
X704,HS,None,20082009
K489,HST,B,20082009
K520,HST,F,20082009
K529,HST,A,20082009
K553,HST,A,20082009
K564,HST,B,20082009
K568,HST,A,20082009
K575,HST,A,20082009
K578,HST,C,20082009
K585,HST,None,20082009
K616,HST,None,20082009
K635,HST,None,20082009
K643,HST,None,20082009
K646,HST,None,20082009
K647,HST,None,20082009
K673,HST,None,20082009
K698,HST,C,20082009
K728,HST,A,20082009
M285,HST,D,20082009
M313,HST,B,20082009
M394,HST,None,20082009
M404,HST,None,20082009
M423,HST,None,20082009
M432,HST,None,20082009
M458,HST,None,20082009
M505,HST,B,20082009
M515,HST,A,20082009
M544,HST,C,20082009
M550,HST,A,20082009
M560,HST,B,20082009
M565,HST,A,20082009
M570,HST,C,20082009
M575,HST,A,20082009
M586,HST,B,20082009
M605,HST,B,20082009
M650,HST,A,20082009
M707,HST,B,20082009
Q338,HST,None,20082009
Q540,HST,B,20082009
Q744,HST,None,20082009
Q792,HST,B,20082009
R470,HST,A,20082009
X319,HST,A,20082009
X321,HST,B,20082009
X377,HST,B,20082009
X379,HST,None,20082009
X381,HST,None,20082009
X446,HST,None,20082009
X480,HST,A,20082009
X560,HST,F,20082009
K411,YABC,None,20082009
K431,YABC,None,20082009
K467,YABC,None,20082009
K501,YABC,None,20082009
K657,YABC,None,20082009
K658,YABC,None,20082009
K922,YABC,None,20082009
K923,YABC,None,20082009
M457,YABC,None,20082009
M473,YABC,None,20082009
M577,YABC,None,20082009
Q457,YABC,None,20082009
Q467,YABC,None,20082009
Q487,YABC,None,20082009
R607,YABC,None,20082009
X408,YABC,None,20082009
X417,YABC,None,20082009
X428,YABC,None,20082009
X456,YABC,None,20082009
X503,YABC,None,20082009
X504,YABC,None,20082009
X507,YABC,None,20082009
X667,YABC,None,20082009
